IncidentID,County,RdwyNumber,Street,RoadwayName,StreetSfx,Latitude,Longitude,Milepoint,CollisionDate,CollisionTime,UnitsInvolved,MotorVehiclesInvolved,NumberKilled,NumberInjured,Weather,RdwyConditionCode,HitandRun,DirAnalysisCode,MannerofCollision,RdwyCharacter,LightCondition,Before_After_Construction,CollisionYear
25428268,HARDIN,US0031W,,DIXIE,AVE,37.74583741,-85.89281562,20.765,7/3/2019 0:00,1135,2,2,0,0,CLOUDY,DRY,0,SIDESWIPE COLLISION - SAME DIRECTION,SIDESWIPE-SAME DIRECTION,STRAIGHT & LEVEL,DAYLIGHT,Before,2019
25384644,HARDIN,US0031W,,DIXIE,AVE,37.74402446,-85.89197511,20.644,7/3/2019 0:00,1558,3,3,0,0,RAINING,WET,0,REAR END IN TRAFFIC LANES BOTH VEHICLES MOVING,REAR END,STRAIGHT & GRADE,DAYLIGHT,Before,2019
25333911,HARDIN,US0031W,,DIXIE,AVE,37.73758259,-85.8884019,20.195,7/1/2019 0:00,1058,3,3,0,2,CLEAR,DRY,0,OTHER ROADWAY OR MID-BLOCK COLLISION,REAR END,STRAIGHT & LEVEL,DAYLIGHT,Before,2019
25333886,HARDIN,US0031W,,DIXIE,AVE,37.73149409,-85.88587783,19.729,6/24/2019 0:00,1710,2,2,0,0,CLEAR,DRY,0,OTHER ROADWAY OR MID-BLOCK COLLISION,REAR END,STRAIGHT & LEVEL,DAYLIGHT,Before,2019
25370964,HARDIN,US0031W,,DIXIE,AVE,37.73255217,-85.88610722,19.802,6/24/2019 0:00,1054,2,2,0,0,CLOUDY,WET,0,REAR END IN TRAFFIC LANES BOTH VEHICLES MOVING,REAR END,STRAIGHT & LEVEL,DAYLIGHT,Before,2019
25246826,HARDIN,US0031W,,DIXIE,AVE,37.73239906,-85.88601975,19.79,6/21/2019 0:00,2100,2,2,0,0,RAINING,WET,1,OTHER ROADWAY OR MID-BLOCK COLLISION,REAR END,STRAIGHT & LEVEL,DARK-HWY LIGHTED/ON,Before,2019
25220201,HARDIN,US0031W,,DIXIE,AVE,37.72852597,-85.88438058,19.508,6/15/2019 0:00,2232,2,2,0,0,CLEAR,DRY,0,1 VEHICLE ENTERING/LEAVING ENTRANCE,ANGLE,STRAIGHT & LEVEL,DARK-HWY LIGHTED/ON,Before,2019
25331704,HARDIN,US0031W,4031,DIXIE,AVE,37.74503485,-85.89238619,20.719,6/13/2019 0:00,851,1,1,0,0,CLEAR,DRY,0,COLLISION WITH FIXED OBJECT NON - INTERSECTION - FIRST EVENT COLLISION 09 - 32 EXCLUDING 16,SINGLE VEHICLE,STRAIGHT & LEVEL,DAYLIGHT,Before,2019
25190910,HARDIN,US0031W,,DIXIE,AVE,37.73798543,-85.88906575,20.22,6/8/2019 0:00,1012,2,2,0,0,CLOUDY,WET,0,ANGLE COLLISION - ONE VEHICLE TURNING LEFT,ANGLE,STRAIGHT & GRADE,DAYLIGHT,Before,2019
25190914,HARDIN,US0031W,,DIXIE,AVE,37.73738092,-85.8885035,20.188,6/7/2019 0:00,1535,4,4,0,0,CLOUDY,WET,0,OTHER ROADWAY OR MID-BLOCK COLLISION,REAR END,STRAIGHT & HILLCREST,DAYLIGHT,Before,2019
25143839,HARDIN,US0031W,,DIXIE,AVE,37.73113694,-85.88566688,19.701,5/30/2019 0:00,815,2,2,0,0,CLOUDY,WET,0,OTHER ROADWAY OR MID-BLOCK COLLISION,REAR END,STRAIGHT & LEVEL,DAYLIGHT,Before,2019
25389924,HARDIN,US0031W,,DIXIE,AVE,37.73989056,-85.88960367,20.338,5/30/2019 0:00,1606,2,2,0,0,CLOUDY,WET,0,REAR END IN TRAFFIC LANES BOTH VEHICLES MOVING,REAR END,STRAIGHT & LEVEL,DAYLIGHT,Before,2019
25143827,HARDIN,US0031W,,DIXIE,AVE,37.73178345,-85.88589778,19.748,5/28/2019 0:00,1915,2,2,0,0,CLEAR,DRY,0,OTHER ROADWAY OR MID-BLOCK COLLISION,REAR END,STRAIGHT & LEVEL,DAYLIGHT,Before,2019
25143824,HARDIN,US0031W,,DIXIE,AVE,37.72899763,-85.88447601,19.54,5/27/2019 0:00,1718,2,2,0,0,CLEAR,DRY,0,SIDESWIPE COLLISION - SAME DIRECTION,SIDESWIPE-SAME DIRECTION,STRAIGHT & LEVEL,DAYLIGHT,Before,2019
25389911,HARDIN,US0031W,,DIXIE,AVE,37.74256422,-85.89101414,20.528,5/26/2019 0:00,1522,2,2,0,0,CLOUDY,DRY,0,REAR END IN TRAFFIC LANES BOTH VEHICLES MOVING,REAR END,STRAIGHT & HILLCREST,DAYLIGHT,Before,2019
25143826,HARDIN,US0031W,,DIXIE,AVE,37.74818841,-85.89378988,20.956,5/24/2019 0:00,1515,4,4,0,0,CLEAR,DRY,0,OTHER ROADWAY OR MID-BLOCK COLLISION,REAR END,STRAIGHT & LEVEL,DAYLIGHT,Before,2019
25207027,HARDIN,US0031W,,DIXIE,AVE,37.72820248,-85.88421778,19.484,5/15/2019 0:00,2230,2,2,0,0,CLEAR,DRY,0,ANGLE COLLISION - OTHER,ANGLE,STRAIGHT & LEVEL,DARK-HWY LIGHTED/ON,Before,2019
25143772,HARDIN,US0031W,,DIXIE,AVE,37.73073299,-85.88517897,19.726,5/12/2019 0:00,1830,2,2,0,0,CLOUDY,DRY,1,SIDESWIPE COLLISION - SAME DIRECTION,SIDESWIPE-SAME DIRECTION,STRAIGHT & LEVEL,DAYLIGHT,Before,2019
25207039,HARDIN,US0031W,,DIXIE,AVE,37.7351553,-85.88760752,20.037,5/11/2019 0:00,1608,2,2,0,0,CLOUDY,DRY,0,OTHER ROADWAY OR MID-BLOCK COLLISION,REAR END,STRAIGHT & LEVEL,DAYLIGHT,Before,2019
25143780,HARDIN,US0031W,,DIXIE,AVE,37.73125485,-85.88573779,19.698,5/11/2019 0:00,1604,2,2,0,0,CLOUDY,DRY,0,REAR END IN TRAFFIC LANES BOTH VEHICLES MOVING,REAR END,STRAIGHT & LEVEL,DAYLIGHT,Before,2019
25049412,HARDIN,US0031W,,DIXIE,AVE,37.73308283,-85.88664491,19.844,5/10/2019 0:00,1333,2,2,0,1,CLOUDY,DRY,0,REAR END IN TRAFFIC LANES BOTH VEHICLES MOVING,REAR END,STRAIGHT & LEVEL,DAYLIGHT,Before,2019
25143769,HARDIN,US0031W,,DIXIE,AVE,37.73384744,-85.88685177,19.882,5/10/2019 0:00,1620,2,2,0,0,CLOUDY,DRY,0,SIDESWIPE COLLISION - SAME DIRECTION,SIDESWIPE-SAME DIRECTION,STRAIGHT & LEVEL,DAYLIGHT,Before,2019
25081225,HARDIN,US0031W,,DIXIE,AVE,37.72861596,-85.88415689,19.502,5/7/2019 0:00,1955,2,2,0,0,CLEAR,DRY,0,SIDESWIPE COLLISION - SAME DIRECTION,SIDESWIPE-SAME DIRECTION,STRAIGHT & LEVEL,DAYLIGHT,Before,2019
25389905,HARDIN,US0031W,,DIXIE,AVE,37.74545535,-85.89229911,20.744,5/5/2019 0:00,1316,2,2,0,0,CLEAR,DRY,0,OTHER ROADWAY OR MID-BLOCK COLLISION,REAR END,STRAIGHT & LEVEL,DAYLIGHT,Before,2019
25081210,HARDIN,US0031W,,DIXIE,AVE,37.73149411,-85.88586029,19.728,5/4/2019 0:00,1439,2,2,0,0,RAINING,WET,0,REAR END IN TRAFFIC LANES BOTH VEHICLES MOVING,REAR END,STRAIGHT & LEVEL,DAYLIGHT,Before,2019
25010860,HARDIN,US0031W,,DIXIE,AVE,37.73412027,-85.88714881,19.93,4/30/2019 0:00,1400,3,3,0,0,CLEAR,DRY,0,OTHER ROADWAY OR MID-BLOCK COLLISION,REAR END,STRAIGHT & LEVEL,DAYLIGHT,Before,2019
25389881,HARDIN,US0031W,,DIXIE,AVE,37.74117786,-85.89059897,20.436,4/26/2019 0:00,1339,2,2,0,0,CLEAR,DRY,0,REAR END IN TRAFFIC LANES BOTH VEHICLES MOVING,REAR END,STRAIGHT & LEVEL,DAYLIGHT,Before,2019
25389882,HARDIN,US0031W,,DIXIE,AVE,37.73395272,-85.88706403,19.901,4/20/2019 0:00,1327,2,2,0,0,RAINING,WET,0,OTHER INTERSECTION COLLISIONS,REAR END,STRAIGHT & LEVEL,DAYLIGHT,Before,2019
24982623,HARDIN,US0031W,,DIXIE,AVE,37.73370098,-85.8869534,19.886,4/20/2019 0:00,1257,4,4,0,1,RAINING,WET,0,OTHER ROADWAY OR MID-BLOCK COLLISION,REAR END,STRAIGHT & LEVEL,DAYLIGHT,Before,2019
24982592,HARDIN,US0031W,,DIXIE,AVE,37.73666607,-85.88840666,20.157,4/20/2019 0:00,1543,2,2,0,0,RAINING,WET,0,OTHER ROADWAY OR MID-BLOCK COLLISION,REAR END,STRAIGHT & LEVEL,DAYLIGHT,Before,2019
25080979,HARDIN,US0031W,,DIXIE,AVE,37.74121223,-85.890604,20.438,4/19/2019 0:00,1201,2,2,0,0,RAINING,WET,0,REAR END IN TRAFFIC LANES BOTH VEHICLES MOVING,REAR END,STRAIGHT & LEVEL,DAYLIGHT,Before,2019
24982593,HARDIN,US0031W,,DIXIE,AVE,37.73270476,-85.88644058,19.794,4/19/2019 0:00,1332,2,2,0,0,RAINING,WET,0,REAR END IN TRAFFIC LANES BOTH VEHICLES MOVING,REAR END,STRAIGHT & LEVEL,DAYLIGHT,Before,2019
24931646,HARDIN,US0031W,,DIXIE,AVE,37.73111376,-85.88539941,19.694,4/12/2019 0:00,1009,2,2,0,0,CLOUDY,WET,0,SIDESWIPE COLLISION - SAME DIRECTION,SIDESWIPE-SAME DIRECTION,STRAIGHT & LEVEL,DAYLIGHT,Before,2019
24915728,HARDIN,US0031W,,DIXIE,AVE,37.73110887,-85.88539858,19.694,4/5/2019 0:00,1241,3,3,0,0,CLEAR,DRY,1,REAR END IN TRAFFIC LANES BOTH VEHICLES MOVING,REAR END,STRAIGHT & LEVEL,DAYLIGHT,Before,2019
25389677,HARDIN,US0031W,,DIXIE,AVE,37.73027504,-85.88494308,19.625,3/23/2019 0:00,1810,2,2,0,0,CLEAR,DRY,0,ANGLE COLLISION - OTHER,ANGLE,STRAIGHT & LEVEL,DAYLIGHT,Before,2019
24876331,HARDIN,US0031W,,DIXIE,AVE,37.73413212,-85.88689209,19.924,3/21/2019 0:00,1846,2,2,0,0,CLOUDY,DRY,0,ANGLE COLLISION - OTHER,ANGLE,STRAIGHT & LEVEL,DAYLIGHT,Before,2019
25389671,HARDIN,US0031W,,DIXIE,AVE,37.7412093,-85.89064946,20.439,3/19/2019 0:00,1218,2,2,0,0,CLEAR,DRY,0,OTHER ROADWAY OR MID-BLOCK COLLISION,REAR END,STRAIGHT & LEVEL,DAYLIGHT,Before,2019
25389849,HARDIN,US0031W,,DIXIE,AVE,37.72930285,-85.88473321,19.565,3/14/2019 0:00,2224,2,2,0,0,CLEAR,DRY,0,REAR END IN TRAFFIC LANES BOTH VEHICLES MOVING,REAR END,STRAIGHT & LEVEL,DARK-HWY LIGHTED/ON,Before,2019
24870605,HARDIN,US0031W,,DIXIE,AVE,37.74583888,-85.89251089,20.773,3/12/2019 0:00,2023,2,2,0,0,CLEAR,DRY,0,REAR END IN TRAFFIC LANES BOTH VEHICLES MOVING,REAR END,STRAIGHT & GRADE,DARK-HWY LIGHTED/OFF,Before,2019
25389831,HARDIN,US0031W,,DIXIE,AVE,37.7335286,-85.88689375,19.875,2/25/2019 0:00,1345,2,2,0,0,CLEAR,DRY,0,OTHER ROADWAY OR MID-BLOCK COLLISION,REAR END,STRAIGHT & LEVEL,DAYLIGHT,Before,2019
25389835,HARDIN,US0031W,,DIXIE,AVE,37.73122543,-85.8854832,19.706,2/25/2019 0:00,1237,2,2,0,0,CLEAR,DRY,0,OTHER INTERSECTION COLLISIONS,REAR END,STRAIGHT & LEVEL,DAYLIGHT,Before,2019
24915849,HARDIN,US0031W,,DIXIE,AVE,37.73298066,-85.88661045,19.837,2/23/2019 0:00,1553,2,2,0,0,RAINING,WET,0,OTHER ROADWAY OR MID-BLOCK COLLISION,REAR END,STRAIGHT & LEVEL,DAYLIGHT,Before,2019
24641855,HARDIN,US0031W,,DIXIE,AVE,37.7372075,-85.88867825,20.183,2/7/2019 0:00,1921,2,2,0,0,RAINING,WET,0,SIDESWIPE COLLISION - SAME DIRECTION,SIDESWIPE-SAME DIRECTION,STRAIGHT & LEVEL,DARK-HWY LIGHTED/ON,Before,2019
24595505,HARDIN,US0031W,,DIXIE,AVE,37.74752261,-85.89329148,20.903,1/31/2019 0:00,2205,2,2,0,1,CLEAR,DRY,0,ANGLE COLLISION - OTHER,ANGLE,STRAIGHT & LEVEL,DARK (UNKNOWN ROADWAY LIGHTING),Before,2019
24595508,HARDIN,US0031W,,DIXIE,AVE,37.73435255,-85.88727074,19.955,1/31/2019 0:00,1718,2,2,0,0,CLEAR,DRY,0,OTHER ROADWAY OR MID-BLOCK COLLISION,REAR END,STRAIGHT & LEVEL,DAYLIGHT,Before,2019
24595541,HARDIN,US0031W,,DIXIE,AVE,37.72830221,-85.88426056,19.486,1/30/2019 0:00,1857,2,2,0,0,CLEAR,DRY,0,OTHER INTERSECTION COLLISIONS,REAR END,STRAIGHT & LEVEL,DARK-HWY LIGHTED/ON,Before,2019
24595543,HARDIN,US0031W,,DIXIE,AVE,37.73391468,-85.88676415,19.896,1/27/2019 0:00,1224,2,2,0,0,CLOUDY,DRY,0,1 VEHICLE ENTERING/LEAVING ENTRANCE,ANGLE,STRAIGHT & LEVEL,DAYLIGHT,Before,2019
24552819,HARDIN,US0031W,,DIXIE,AVE,37.74048424,-85.89005388,20.379,1/25/2019 0:00,1557,3,3,0,5,CLEAR,DRY,0,OTHER ROADWAY OR MID-BLOCK COLLISION,REAR END,STRAIGHT & LEVEL,DAYLIGHT,Before,2019
24548546,HARDIN,US0031W,,DIXIE,AVE,37.74573764,-85.89271329,20.77,1/22/2019 0:00,1313,2,2,0,0,CLEAR,WET,0,REAR END IN TRAFFIC LANES BOTH VEHICLES MOVING,REAR END,CURVE & LEVEL,DAYLIGHT,Before,2019
24548541,HARDIN,US0031W,,DIXIE,AVE,37.74235086,-85.89116531,20.523,1/22/2019 0:00,648,2,1,0,1,CLEAR,WET,0,COLLISION WITH PEDESTRIAN NON - INTERSECTION,SINGLE VEHICLE,STRAIGHT & GRADE,DARK-HWY NOT LIGHTED,Before,2019
24548535,HARDIN,US0031W,,DIXIE,AVE,37.73804471,-85.88883979,20.22,1/20/2019 0:00,1250,2,2,0,0,CLEAR,SNOW/SLUSH,0,ANGLE COLLISION - ONE VEHICLE TURNING LEFT,ANGLE,STRAIGHT & GRADE,DAYLIGHT,Before,2019
24548529,HARDIN,US0031W,,DIXIE,AVE,37.74566655,-85.89242715,20.76,1/17/2019 0:00,1415,2,2,0,0,RAINING,WET,1,OTHER ROADWAY OR MID-BLOCK COLLISION,REAR END,STRAIGHT & GRADE,DAYLIGHT,Before,2019
24460778,HARDIN,US0031W,,DIXIE,AVE,37.73111607,-85.88566749,19.7,1/5/2019 0:00,1341,2,2,0,0,CLEAR,DRY,0,SIDESWIPE COLLISION - SAME DIRECTION,SIDESWIPE-SAME DIRECTION,STRAIGHT & LEVEL,DAYLIGHT,Before,2019
24445301,HARDIN,US0031W,,DIXIE,AVE,37.73011412,-85.88518047,19.626,12/28/2018 0:00,1801,2,2,0,0,CLEAR,DRY,0,1 VEHICLE ENTERING/LEAVING ENTRANCE,ANGLE,STRAIGHT & LEVEL,DARK-HWY LIGHTED/ON,Before,2018
24425431,HARDIN,US0031W,,DIXIE,AVE,37.74598747,-85.89285835,20.79,12/27/2018 0:00,1146,3,3,0,1,CLOUDY,WET,1,REAR END IN TRAFFIC LANES BOTH VEHICLES MOVING,REAR END,STRAIGHT & LEVEL,DAYLIGHT,Before,2018
24548374,HARDIN,US0031W,,DIXIE,AVE,37.7326743,-85.88643318,19.816,12/26/2018 0:00,1359,2,2,0,0,CLEAR,DRY,0,OTHER ROADWAY OR MID-BLOCK COLLISION,REAR END,STRAIGHT & LEVEL,DAYLIGHT,Before,2018
24425428,HARDIN,US0031W,,DIXIE,AVE,37.73463604,-85.88703442,19.974,12/26/2018 0:00,1206,2,2,0,0,CLEAR,DRY,0,REAR END IN TRAFFIC LANES BOTH VEHICLES MOVING,REAR END,STRAIGHT & LEVEL,DAYLIGHT,Before,2018
24425427,HARDIN,US0031W,,DIXIE,AVE,37.72893234,-85.88453806,19.537,12/25/2018 0:00,1840,2,2,0,1,CLEAR,DRY,0,REAR END IN TRAFFIC LANES BOTH VEHICLES MOVING,REAR END,STRAIGHT & LEVEL,DARK-HWY LIGHTED/ON,Before,2018
24416875,HARDIN,US0031W,,DIXIE,AVE,37.73964985,-85.88994449,20.334,12/24/2018 0:00,1337,2,2,0,0,CLEAR,DRY,0,1 VEHICLE ENTERING/LEAVING ENTRANCE,ANGLE,STRAIGHT & LEVEL,DAYLIGHT,Before,2018
24437319,HARDIN,US0031W,,DIXIE,AVE,37.73481982,-85.88751816,20.004,12/24/2018 0:00,1303,3,3,0,0,CLEAR,DRY,1,OTHER ROADWAY OR MID-BLOCK COLLISION,REAR END,STRAIGHT & LEVEL,DAYLIGHT,Before,2018
24416874,HARDIN,US0031W,,DIXIE,AVE,37.73117198,-85.88568521,19.704,12/23/2018 0:00,2022,2,2,0,0,CLOUDY,WET,0,SIDESWIPE-SAME DIRECTION,SIDESWIPE-SAME DIRECTION,STRAIGHT & LEVEL,DARK-HWY LIGHTED/ON,Before,2018
24437344,HARDIN,US0031W,1700,DIXIE,AVE,37.73179723,-85.88600626,19.751,12/22/2018 0:00,1703,2,2,0,0,CLEAR,DRY,1,1 VEHICLE PARKED POSITION (NOT PARKING LOT/DRIVEWAY),BACKING,STRAIGHT & LEVEL,DAYLIGHT,Before,2018
24416876,HARDIN,US0031W,,DIXIE,AVE,37.73378633,-85.88699036,19.892,12/17/2018 0:00,1756,2,2,0,0,CLEAR,DRY,0,OTHER ROADWAY OR MID-BLOCK COLLISION,REAR END,STRAIGHT & LEVEL,DARK-HWY LIGHTED/ON,Before,2018
24484048,HARDIN,US0031W,,DIXIE,AVE,37.74582145,-85.89250387,20.772,12/15/2018 0:00,2151,2,2,0,0,CLEAR,WET,0,ANGLE COLLISION - OTHER,ANGLE,STRAIGHT & GRADE,DARK-HWY LIGHTED/ON,Before,2018
24394474,HARDIN,US0031W,,DIXIE,AVE,37.72861258,-85.88404169,19.501,12/15/2018 0:00,1536,2,2,0,0,CLEAR,DRY,0,SIDESWIPE COLLISION - SAME DIRECTION,SIDESWIPE-SAME DIRECTION,STRAIGHT & LEVEL,DAYLIGHT,Before,2018
24379643,HARDIN,US0031W,,DIXIE,AVE,37.73432077,-85.88725288,19.951,12/14/2018 0:00,1226,2,2,0,0,RAINING,WET,0,REAR END IN TRAFFIC LANES BOTH VEHICLES MOVING,REAR END,STRAIGHT & LEVEL,DAYLIGHT,Before,2018
24416855,HARDIN,US0031W,,DIXIE,AVE,37.73471598,-85.88751498,19.995,12/14/2018 0:00,1750,2,2,0,0,CLEAR,WET,0,1 VEHICLE ENTERING/LEAVING ENTRANCE,ANGLE,STRAIGHT & LEVEL,DARK-HWY LIGHTED/ON,Before,2018
24548375,HARDIN,US0031W,,DIXIE,AVE,37.73563935,-85.88790804,20.087,12/11/2018 0:00,1421,2,2,0,0,CLEAR,DRY,0,SIDESWIPE COLLISION - SAME DIRECTION,SIDESWIPE-SAME DIRECTION,STRAIGHT & HILLCREST,DAYLIGHT,Before,2018
24363595,HARDIN,US0031W,,DIXIE,AVE,37.7395484,-85.88960494,20.318,12/7/2018 0:00,1802,3,3,0,0,CLEAR,DRY,0,REAR END IN TRAFFIC LANES BOTH VEHICLES MOVING,REAR END,STRAIGHT & LEVEL,DARK (UNKNOWN ROADWAY LIGHTING),Before,2018
24437393,HARDIN,US0031W,,DIXIE,AVE,37.73332031,-85.8867537,19.86,12/5/2018 0:00,1449,2,2,0,0,CLOUDY,DRY,0,REAR END IN TRAFFIC LANES BOTH VEHICLES MOVING,REAR END,STRAIGHT & LEVEL,DAYLIGHT,Before,2018
24362527,HARDIN,US0031W,,DIXIE,AVE,37.73597531,-85.88777424,20.09,12/1/2018 0:00,1445,3,3,0,0,RAINING,WET,0,1 VEHICLE ENTERING/LEAVING ENTRANCE,ANGLE,STRAIGHT & GRADE,DAYLIGHT,Before,2018
24509419,HARDIN,US0031W,,DIXIE,AVE,37.7379809,-85.88906473,20.22,12/1/2018 0:00,1556,2,2,0,0,CLOUDY,DRY,0,1 VEHICLE ENTERING/LEAVING ENTRANCE,ANGLE,STRAIGHT & GRADE,DAYLIGHT,Before,2018
24509415,HARDIN,US0031W,,DIXIE,AVE,37.72895043,-85.88423634,19.526,12/1/2018 0:00,1740,2,2,0,0,RAINING,WET,0,REAR END IN TRAFFIC LANES BOTH VEHICLES MOVING,REAR END,STRAIGHT & LEVEL,DARK-HWY LIGHTED/ON,Before,2018
24437338,HARDIN,US0031W,,DIXIE,AVE,37.73288286,-85.88655067,19.831,11/30/2018 0:00,1535,2,2,0,0,CLOUDY,WET,0,OTHER ROADWAY OR MID-BLOCK COLLISION,REAR END,STRAIGHT & LEVEL,DAYLIGHT,Before,2018
24319021,HARDIN,US0031W,,DIXIE,AVE,37.73133929,-85.88577673,19.717,11/30/2018 0:00,1537,2,2,0,0,CLOUDY,WET,0,REAR END IN TRAFFIC LANES BOTH VEHICLES MOVING,REAR END,STRAIGHT & LEVEL,DAYLIGHT,Before,2018
24362524,HARDIN,US0031W,,DIXIE,AVE,37.73095337,-85.88536094,19.682,11/29/2018 0:00,1420,2,2,0,0,CLOUDY,DRY,0,OTHER ROADWAY OR MID-BLOCK COLLISION,REAR END,STRAIGHT & LEVEL,DAYLIGHT,Before,2018
24318099,HARDIN,US0031W,,DIXIE,AVE,37.72828063,-85.88425216,19.487,11/27/2018 0:00,701,2,2,0,0,CLOUDY,ICE,0,OTHER ROADWAY OR MID-BLOCK COLLISION,REAR END,STRAIGHT & GRADE,DARK-HWY LIGHTED/ON,Before,2018
24320881,HARDIN,US0031W,,DIXIE,AVE,37.74598358,-85.89283517,20.789,11/26/2018 0:00,1820,2,2,0,0,RAINING,WET,0,OTHER ROADWAY OR MID-BLOCK COLLISION,REAR END,STRAIGHT & LEVEL,DARK-HWY LIGHTED/ON,Before,2018
24293001,HARDIN,US0031W,2003,DIXIE,AVE,37.73856648,-85.88908634,20.254,11/23/2018 0:00,1740,2,2,0,0,CLOUDY,DRY,0,SIDESWIPE COLLISION - SAME DIRECTION,SIDESWIPE-SAME DIRECTION,STRAIGHT & LEVEL,DARK (UNKNOWN ROADWAY LIGHTING),Before,2018
24437383,HARDIN,US0031W,,DIXIE,AVE,37.74602878,-85.89258632,20.788,11/19/2018 0:00,1755,2,2,0,0,RAINING,WET,0,SIDESWIPE COLLISION - SAME DIRECTION,SIDESWIPE-SAME DIRECTION,STRAIGHT & LEVEL,DARK-HWY LIGHTED/ON,Before,2018
24437388,HARDIN,US0031W,,DIXIE,AVE,37.72863402,-85.88439154,19.515,11/18/2018 0:00,2100,2,2,0,0,CLEAR,DRY,0,1 VEHICLE ENTERING/LEAVING ENTRANCE,ANGLE,STRAIGHT & LEVEL,DARK-HWY LIGHTED/ON,Before,2018
24268031,HARDIN,US0031W,,DIXIE,AVE,37.73127299,-85.88573902,19.711,11/16/2018 0:00,1409,2,2,0,0,CLEAR,DRY,0,OTHER ROADWAY OR MID-BLOCK COLLISION,REAR END,STRAIGHT & LEVEL,DAYLIGHT,Before,2018
24268032,HARDIN,US0031W,,DIXIE,AVE,37.73632734,-85.88822607,20.131,11/16/2018 0:00,2005,2,2,0,0,CLEAR,DRY,0,OPPOSING LEFT TURN,OPPOSING LEFT TURN,STRAIGHT & LEVEL,DARK-HWY LIGHTED/ON,Before,2018
24955424,HARDIN,US0031W,,DIXIE,AVE,37.73602013,-85.88807225,20.117,11/16/2018 0:00,2011,2,2,0,0,CLEAR,DRY,0,REAR END IN TRAFFIC LANES BOTH VEHICLES MOVING,REAR END,STRAIGHT & GRADE,DARK-HWY LIGHTED/ON,Before,2018
24271277,HARDIN,US0031W,,DIXIE,AVE,37.73125096,-85.88570528,19.709,11/14/2018 0:00,1911,2,2,0,0,"SLEET, HAIL, FREEZING RAIN",WATER (STANDING OR MOVING),0,HEAD-ON COLLISION,HEAD ON,STRAIGHT & LEVEL,DARK-HWY NOT LIGHTED,Before,2018
24262140,HARDIN,US0031W,,DIXIE,AVE,37.73373088,-85.8869607,19.888,11/14/2018 0:00,1155,2,2,0,0,CLOUDY,DRY,0,OTHER ROADWAY OR MID-BLOCK COLLISION,REAR END,STRAIGHT & LEVEL,DAYLIGHT,Before,2018
24437357,HARDIN,US0031W,,DIXIE,AVE,37.73467748,-85.88744933,19.989,11/12/2018 0:00,1706,2,2,0,0,RAINING,WET,0,OTHER ROADWAY OR MID-BLOCK COLLISION,REAR END,STRAIGHT & LEVEL,DARK-HWY LIGHTED/ON,Before,2018
24262146,HARDIN,US0031W,,DIXIE,AVE,37.73399103,-85.88683565,19.878,11/9/2018 0:00,1407,5,5,0,0,CLOUDY,DRY,0,1 VEHICLE ENTERING/LEAVING ENTRANCE,ANGLE,STRAIGHT & LEVEL,DAYLIGHT,Before,2018
24236049,HARDIN,US0031W,,DIXIE,AVE,37.73382617,-85.88685054,19.89,11/4/2018 0:00,1823,3,3,0,0,RAINING,WET,0,SIDESWIPE COLLISION - SAME DIRECTION,SIDESWIPE-SAME DIRECTION,STRAIGHT & LEVEL,DARK-HWY LIGHTED/ON,Before,2018
24236038,HARDIN,US0031W,,DIXIE,AVE,37.74580133,-85.89275478,20.776,11/2/2018 0:00,2140,2,2,0,0,CLOUDY,DRY,0,OTHER INTERSECTION COLLISIONS,REAR END,STRAIGHT & LEVEL,DARK-HWY LIGHTED/ON,Before,2018
24196280,HARDIN,US0031W,,DIXIE,AVE,37.74599674,-85.89284082,20.79,11/2/2018 0:00,657,2,2,0,0,CLOUDY,WET,0,OTHER INTERSECTION COLLISIONS,REAR END,STRAIGHT & GRADE,DARK-HWY LIGHTED/ON,Before,2018
24186657,HARDIN,US0031W,,DIXIE,AVE,37.73319238,-85.88666041,19.851,10/31/2018 0:00,1350,2,2,0,0,RAINING,WET,0,REAR END IN TRAFFIC LANES BOTH VEHICLES MOVING,REAR END,STRAIGHT & LEVEL,DAYLIGHT,Before,2018
24181863,HARDIN,US0031W,,DIXIE,AVE,37.73096656,-85.88533132,19.683,10/28/2018 0:00,1539,2,2,0,0,CLEAR,DRY,0,OTHER ROADWAY OR MID-BLOCK COLLISION,REAR END,STRAIGHT & LEVEL,DAYLIGHT,Before,2018
24181877,HARDIN,US0031W,,DIXIE,AVE,37.73145057,-85.88582918,19.725,10/27/2018 0:00,1142,2,2,0,0,CLEAR,DRY,0,OTHER ROADWAY OR MID-BLOCK COLLISION,REAR END,STRAIGHT & LEVEL,DAYLIGHT,Before,2018