IncidentID,County,RdwyNumber,Street,RoadwayName,StreetSfx,Latitude,Longitude,Milepoint,CollisionDate,CollisionTime,UnitsInvolved,MotorVehiclesInvolved,NumberKilled,NumberInjured,Weather,RdwyConditionCode,HitandRun,DirAnalysisCode,MannerofCollision,RdwyCharacter,LightCondition,Before_After_Construction,CollisionYear
24181866,HARDIN,US0031W,,DIXIE,AVE,37.73803775,-85.88882305,20.219,10/26/2018 0:00,1430,2,2,0,0,RAINING,WET,0,REAR END IN TRAFFIC LANES BOTH VEHICLES MOVING,REAR END,STRAIGHT & LEVEL,DAYLIGHT,Before,2018
24164107,HARDIN,US0031W,,DIXIE,AVE,37.74570241,-85.89243704,20.763,10/25/2018 0:00,1058,2,2,0,0,CLEAR,DRY,0,REAR END IN TRAFFIC LANES BOTH VEHICLES MOVING,REAR END,STRAIGHT & LEVEL,DAYLIGHT,Before,2018
24236024,HARDIN,US0031W,,DIXIE,AVE,37.7296771,-85.88482821,19.586,10/17/2018 0:00,1152,2,2,0,0,CLEAR,DRY,0,REAR END IN TRAFFIC LANES BOTH VEHICLES MOVING,REAR END,STRAIGHT & LEVEL,DAYLIGHT,Before,2018
24200636,HARDIN,US0031W,,DIXIE,AVE,37.74582255,-85.89249386,20.773,10/13/2018 0:00,1741,2,2,0,1,CLEAR,DRY,0,OPPOSING LEFT TURN,OPPOSING LEFT TURN,STRAIGHT & LEVEL,DAYLIGHT,Before,2018
24178165,HARDIN,US0031W,,DIXIE,AVE,37.7283491,-85.88426756,19.494,10/13/2018 0:00,2210,2,1,0,1,RAINING,DRY,1,COLLISION WITH PEDESTRIAN NON - INTERSECTION,SINGLE VEHICLE,STRAIGHT & LEVEL,DARK-HWY LIGHTED/ON,Before,2018
24089907,HARDIN,US0031W,,DIXIE,AVE,37.74701785,-85.89305087,20.864,10/7/2018 0:00,500,1,1,0,0,CLEAR,DRY,0,COLLISION WITH ANIMAL NON INTERSECTION,SINGLE VEHICLE,STRAIGHT & LEVEL,DARK-HWY LIGHTED/OFF,Before,2018
24141180,HARDIN,US0031W,3900,DIXIE,AVE,37.74454593,-85.8919058,20.676,10/5/2018 0:00,1859,2,2,0,0,CLEAR,DRY,0,REAR END IN TRAFFIC LANES BOTH VEHICLES MOVING,REAR END,STRAIGHT & GRADE,DUSK,Before,2018
24107503,HARDIN,US0031W,,DIXIE,AVE,37.74142316,-85.89073861,20.454,10/5/2018 0:00,1523,2,2,0,0,CLEAR,DRY,0,REAR END IN TRAFFIC LANES BOTH VEHICLES MOVING,REAR END,STRAIGHT & LEVEL,DAYLIGHT,Before,2018
24206940,HARDIN,US0031W,,DIXIE,AVE,37.73125397,-85.88573105,19.718,10/4/2018 0:00,1820,2,2,0,0,CLOUDY,DRY,0,OPPOSING LEFT TURN,OPPOSING LEFT TURN,STRAIGHT & LEVEL,DAYLIGHT,Before,2018
24075634,HARDIN,US0031W,,DIXIE,AVE,37.73985781,-85.88979447,20.339,9/28/2018 0:00,1500,2,2,0,0,CLEAR,DRY,0,REAR END IN TRAFFIC LANES BOTH VEHICLES MOVING,REAR END,STRAIGHT & GRADE,DAYLIGHT,Before,2018
24035788,HARDIN,US0031W,,DIXIE,AVE,37.7406393,-85.89037388,20.4,9/24/2018 0:00,1409,2,2,0,0,RAINING,WET,0,SIDESWIPE COLLISION - SAME DIRECTION,SIDESWIPE-SAME DIRECTION,STRAIGHT & LEVEL,DAYLIGHT,Before,2018
32127484,HARDIN,US0031W,,DIXIE,AVE,37.73801742,-85.88882518,20.219,9/22/2018 0:00,1709,2,1,0,1,RAINING,WET,1,OTHER ROADWAY OR MID-BLOCK COLLISION,REAR END,STRAIGHT & LEVEL,DAYLIGHT,Before,2018
24035785,HARDIN,US0031W,,DIXIE,AVE,37.73354725,-85.88687766,19.876,9/22/2018 0:00,1518,3,3,0,0,RAINING,WET,0,OTHER ROADWAY OR MID-BLOCK COLLISION,REAR END,STRAIGHT & LEVEL,DAYLIGHT,Before,2018
24028420,HARDIN,US0031W,,DIXIE,AVE,37.7380339,-85.88883411,20.219,9/21/2018 0:00,1726,2,2,0,0,CLEAR,DRY,0,OTHER ROADWAY OR MID-BLOCK COLLISION,REAR END,STRAIGHT & LEVEL,DAYLIGHT,Before,2018
24080409,HARDIN,US0031W,,DIXIE,AVE,37.73434032,-85.88726072,19.953,9/21/2018 0:00,1612,2,2,0,0,RAINING,WET,0,REAR END IN TRAFFIC LANES BOTH VEHICLES MOVING,REAR END,STRAIGHT & LEVEL,DAYLIGHT,Before,2018
24012725,HARDIN,US0031W,,DIXIE,AVE,37.74463099,-85.89198512,20.683,9/14/2018 0:00,1930,2,2,0,0,CLEAR,DRY,0,REAR END IN TRAFFIC LANES BOTH VEHICLES MOVING,REAR END,STRAIGHT & GRADE,DAYLIGHT,Before,2018
24008392,HARDIN,US0031W,,DIXIE,AVE,37.74801274,-85.89371323,20.943,9/13/2018 0:00,1540,2,2,0,0,CLEAR,DRY,0,REAR END IN TRAFFIC LANES BOTH VEHICLES MOVING,REAR END,STRAIGHT & GRADE,DAYLIGHT,Before,2018
26298803,HARDIN,US0031W,,DIXIE,AVE,37.7291317,-85.8846603,19.552,9/12/2018 0:00,1713,2,1,0,1,CLEAR,DRY,0,REAR END IN TRAFFIC LANES BOTH VEHICLES MOVING,REAR END,STRAIGHT & LEVEL,DAYLIGHT,Before,2018
23966321,HARDIN,US0031W,1700,DIXIE,AVE,37.73220046,-85.88616842,19.781,9/10/2018 0:00,1315,2,2,0,0,CLOUDY,DRY,0,REAR END IN TRAFFIC LANES BOTH VEHICLES MOVING,REAR END,STRAIGHT & LEVEL,DAYLIGHT,Before,2018
23978996,HARDIN,US0031W,,DIXIE,AVE,37.73185979,-85.88602632,19.756,9/8/2018 0:00,2010,2,2,0,0,CLOUDY,WET,0,REAR END IN TRAFFIC LANES BOTH VEHICLES MOVING,REAR END,STRAIGHT & LEVEL,DUSK,Before,2018
23976934,HARDIN,US0031W,,DIXIE,AVE,37.74161213,-85.89084752,20.469,9/5/2018 0:00,130,2,2,0,2,CLEAR,DRY,0,REAR END IN TRAFFIC LANES BOTH VEHICLES MOVING,REAR END,STRAIGHT & GRADE,DARK-HWY LIGHTED/ON,Before,2018
23944083,HARDIN,US0031W,,DIXIE,AVE,37.7327372,-85.88646587,19.821,8/31/2018 0:00,1917,2,2,0,0,RAINING,WET,0,REAR END IN TRAFFIC LANES BOTH VEHICLES MOVING,REAR END,STRAIGHT & LEVEL,DAYLIGHT,Before,2018
23876287,HARDIN,US0031W,,DIXIE,AVE,37.73123,-85.88545655,19.705,8/26/2018 0:00,1648,2,2,0,0,CLEAR,DRY,0,OPPOSING LEFT TURN,OPPOSING LEFT TURN,STRAIGHT & LEVEL,DAYLIGHT,Before,2018
23876365,HARDIN,US0031W,,DIXIE,AVE,37.73099688,-85.88534216,19.685,8/24/2018 0:00,956,2,2,0,0,CLEAR,DRY,0,REAR END IN TRAFFIC LANES BOTH VEHICLES MOVING,REAR END,STRAIGHT & LEVEL,DAYLIGHT,Before,2018
23876358,HARDIN,US0031W,,DIXIE,AVE,37.74498084,-85.89207786,20.708,8/23/2018 0:00,1438,2,2,0,0,CLEAR,DRY,0,REAR END IN TRAFFIC LANES BOTH VEHICLES MOVING,REAR END,STRAIGHT & LEVEL,DAYLIGHT,Before,2018
23876356,HARDIN,US0031W,,DIXIE,AVE,37.7339783,-85.88708399,19.873,8/23/2018 0:00,539,1,1,0,0,CLEAR,DRY,0,COLLISION WITH FIXED OBJECT NON - INTERSECTION - FIRST EVENT COLLISION 09 - 32 EXCLUDING 16,SINGLE VEHICLE,STRAIGHT & LEVEL,DARK-HWY LIGHTED/ON,Before,2018
23861115,HARDIN,US0031W,,DIXIE,AVE,37.73245018,-85.88632788,19.801,8/22/2018 0:00,747,2,2,0,0,CLEAR,DRY,0,1 VEHICLE ENTERING/LEAVING ENTRANCE,ANGLE,STRAIGHT & LEVEL,DAYLIGHT,Before,2018
23915232,HARDIN,US0031W,,DIXIE,AVE,37.7283556,-85.88429359,19.485,8/21/2018 0:00,1547,2,2,0,0,CLOUDY,DRY,0,REAR END IN TRAFFIC LANES BOTH VEHICLES MOVING,REAR END,STRAIGHT & LEVEL,DAYLIGHT,Before,2018
23850827,HARDIN,US0031W,,DIXIE,AVE,37.73360292,-85.88664587,19.875,8/20/2018 0:00,1722,2,2,0,0,CLEAR,DRY,0,REAR END IN TRAFFIC LANES BOTH VEHICLES MOVING,REAR END,STRAIGHT & LEVEL,DAYLIGHT,Before,2018
23876331,HARDIN,US0031W,,DIXIE,AVE,37.72937006,-85.88452802,19.56,8/18/2018 0:00,1338,3,3,0,0,RAINING,WET,0,OTHER ROADWAY OR MID-BLOCK COLLISION,REAR END,STRAIGHT & LEVEL,DAYLIGHT,Before,2018
24017091,HARDIN,US0031W,,DIXIE,AVE,37.73268868,-85.886438,19.817,8/17/2018 0:00,1717,3,3,0,0,CLEAR,DRY,0,REAR END IN TRAFFIC LANES BOTH VEHICLES MOVING,REAR END,STRAIGHT & LEVEL,DAYLIGHT,Before,2018
23876335,HARDIN,US0031W,,DIXIE,AVE,37.73160126,-85.88592484,19.737,8/13/2018 0:00,1147,3,3,0,0,CLEAR,DRY,0,REAR END IN TRAFFIC LANES BOTH VEHICLES MOVING,REAR END,STRAIGHT & LEVEL,DAYLIGHT,Before,2018
23876327,HARDIN,US0031W,,DIXIE,AVE,37.73101955,-85.88537109,19.687,8/13/2018 0:00,1415,2,2,0,0,CLEAR,DRY,0,SIDESWIPE COLLISION - SAME DIRECTION,SIDESWIPE-SAME DIRECTION,STRAIGHT & LEVEL,DAYLIGHT,Before,2018
23791302,HARDIN,US0031W,,DIXIE,AVE,37.73614722,-85.88819149,20.089,8/7/2018 0:00,1611,2,2,0,0,RAINING,WET,0,REAR END IN TRAFFIC LANES BOTH VEHICLES MOVING,REAR END,STRAIGHT & LEVEL,DAYLIGHT,Before,2018
23796114,HARDIN,US0031W,1704,DIXIE,AVE,37.72938249,-85.88453271,19.561,8/6/2018 0:00,907,2,2,0,0,CLEAR,DRY,0,1 VEHICLE PARKED POSITION (NOT PARKING LOT/DRIVEWAY),BACKING,STRAIGHT & GRADE,DAYLIGHT,Before,2018
23764091,HARDIN,US0031W,,DIXIE,AVE,37.72923694,-85.88470697,19.56,8/1/2018 0:00,1547,2,2,0,1,CLOUDY,DRY,0,OTHER ROADWAY OR MID-BLOCK COLLISION,REAR END,STRAIGHT & LEVEL,DAYLIGHT,Before,2018
23787748,HARDIN,US0031W,,DIXIE,AVE,37.73280166,-85.886506,19.825,7/31/2018 0:00,1538,3,3,0,0,RAINING,WET,0,OTHER ROADWAY OR MID-BLOCK COLLISION,REAR END,STRAIGHT & LEVEL,DAYLIGHT,Before,2018
23769026,HARDIN,US0031W,,DIXIE,AVE,37.73125783,-85.88547413,19.705,7/31/2018 0:00,1337,2,2,0,0,CLEAR,DRY,0,ANGLE COLLISION - OTHER,ANGLE,STRAIGHT & LEVEL,DAYLIGHT,Before,2018
23915227,HARDIN,US0031W,,DIXIE,AVE,37.73105828,-85.88539141,19.69,7/29/2018 0:00,1323,2,2,0,0,CLEAR,DRY,0,REAR END IN TRAFFIC LANES BOTH VEHICLES MOVING,REAR END,STRAIGHT & LEVEL,DAYLIGHT,Before,2018
23753143,HARDIN,US0031W,,DIXIE,AVE,37.74126188,-85.89041451,20.429,7/24/2018 0:00,2316,1,1,0,0,CLEAR,DRY,0,OTHER ROADWAY OR MID-BLOCK COLLISION,SINGLE VEHICLE,STRAIGHT & LEVEL,DARK-HWY LIGHTED/ON,Before,2018
23706599,HARDIN,US0031W,,DIXIE,AVE,37.74641345,-85.89304755,20.823,7/18/2018 0:00,1120,2,2,0,0,CLEAR,DRY,0,OTHER ROADWAY OR MID-BLOCK COLLISION,REAR END,STRAIGHT & LEVEL,DAYLIGHT,Before,2018
23644683,HARDIN,US0031W,,DIXIE,AVE,37.72899235,-85.88460473,19.542,7/1/2018 0:00,1316,2,2,0,0,CLEAR,DRY,1,1 VEHICLE ENTERING/LEAVING ENTRANCE,ANGLE,STRAIGHT & LEVEL,DAYLIGHT,Before,2018
23638679,HARDIN,US0031W,,DIXIE,AVE,37.73260559,-85.88613282,19.804,6/30/2018 0:00,1938,2,2,0,0,CLEAR,DRY,0,ANGLE COLLISION - ONE VEHICLE TURNING LEFT,ANGLE,STRAIGHT & LEVEL,DAYLIGHT,Before,2018
23629986,HARDIN,US0031W,,DIXIE,AVE,37.72846268,-85.88408557,19.491,6/29/2018 0:00,1344,2,2,0,0,CLEAR,DRY,0,1 VEHICLE ENTERING/LEAVING ENTRANCE,ANGLE,STRAIGHT & LEVEL,DAYLIGHT,Before,2018
23629976,HARDIN,US0031W,,DIXIE,AVE,37.74271789,-85.89137709,20.551,6/28/2018 0:00,1710,2,2,0,0,CLEAR,DRY,0,REAR END IN TRAFFIC LANES BOTH VEHICLES MOVING,REAR END,STRAIGHT & GRADE,DAYLIGHT,Before,2018
23609343,HARDIN,US0031W,,DIXIE,AVE,37.73049421,-85.88520205,19.61,6/23/2018 0:00,830,2,2,0,0,CLEAR,DRY,0,1 VEHICLE ENTERING/LEAVING ENTRANCE,ANGLE,STRAIGHT & LEVEL,DAYLIGHT,Before,2018
23609347,HARDIN,US0031W,,DIXIE,AVE,37.7422686,-85.8911242,20.517,6/22/2018 0:00,1751,2,2,0,0,CLEAR,DRY,0,OTHER ROADWAY OR MID-BLOCK COLLISION,REAR END,STRAIGHT & LEVEL,DAYLIGHT,Before,2018
23586334,HARDIN,US0031W,,DIXIE,AVE,37.73129966,-85.88542161,19.708,6/18/2018 0:00,1705,2,2,0,0,CLEAR,DRY,0,OTHER INTERSECTION COLLISIONS,REAR END,STRAIGHT & LEVEL,DAYLIGHT,Before,2018
23674343,HARDIN,US0031W,,DIXIE,AVE,37.73483778,-85.88733299,20,6/15/2018 0:00,1403,3,1,0,2,CLEAR,DRY,0,1 VEHICLE ENTERING/LEAVING ENTRANCE,ANGLE,STRAIGHT & GRADE,DAYLIGHT,Before,2018
23581820,HARDIN,US0031W,,DIXIE,AVE,37.73447271,-85.8870169,19.958,6/15/2018 0:00,1410,2,2,0,0,CLEAR,DRY,0,1 VEHICLE PARKED POSITION (NOT PARKING LOT/DRIVEWAY),REAR END,STRAIGHT & GRADE,DAYLIGHT,Before,2018
23586331,HARDIN,US0031W,,DIXIE,AVE,37.73806923,-85.88885198,20.222,6/15/2018 0:00,1326,2,2,0,0,CLEAR,DRY,0,REAR END IN TRAFFIC LANES BOTH VEHICLES MOVING,REAR END,STRAIGHT & LEVEL,DAYLIGHT,Before,2018
23541956,HARDIN,US0031W,,DIXIE,AVE,37.72839682,-85.88406853,19.486,6/8/2018 0:00,1501,2,2,0,0,CLEAR,DRY,0,SIDESWIPE COLLISION - SAME DIRECTION,SIDESWIPE-SAME DIRECTION,STRAIGHT & LEVEL,DAYLIGHT,Before,2018
23541375,HARDIN,US0031W,,DIXIE,AVE,37.72896001,-85.88455061,19.539,6/5/2018 0:00,2220,2,2,0,0,CLEAR,DRY,0,OTHER ROADWAY OR MID-BLOCK COLLISION,OPPOSING LEFT TURN,STRAIGHT & LEVEL,DARK (UNKNOWN ROADWAY LIGHTING),Before,2018
23570907,HARDIN,US0031W,,DIXIE,AVE,37.74576035,-85.8927547,20.771,6/3/2018 0:00,5,2,2,0,0,CLEAR,DRY,0,ANGLE COLLISION - OTHER,ANGLE,STRAIGHT & GRADE,DARK-HWY LIGHTED/ON,Before,2018
23493585,HARDIN,US0031W,,DIXIE,AVE,37.73607434,-85.88786333,20.116,5/29/2018 0:00,1238,2,2,0,0,CLOUDY,DRY,0,OTHER ROADWAY OR MID-BLOCK COLLISION,REAR END,STRAIGHT & LEVEL,DAYLIGHT,Before,2018
23500587,HARDIN,US0031W,,DIXIE,AVE,37.73123494,-85.88547733,19.705,5/28/2018 0:00,2311,2,2,0,0,RAINING,WET,0,ANGLE COLLISION - OTHER,ANGLE,STRAIGHT & LEVEL,DARK-HWY LIGHTED/ON,Before,2018
23510735,HARDIN,US0031W,,DIXIE,AVE,37.73538285,-85.88777916,20.055,5/27/2018 0:00,1200,2,2,0,0,CLEAR,DRY,1,1 VEHICLE PARKED POSITION (NOT PARKING LOT/DRIVEWAY),HEAD ON,STRAIGHT & LEVEL,DAYLIGHT,Before,2018
23472342,HARDIN,US0031W,,DIXIE,AVE,37.72886641,-85.88457571,19.533,5/23/2018 0:00,1511,2,2,0,0,CLEAR,DRY,0,SIDESWIPE COLLISION - SAME DIRECTION,SIDESWIPE-SAME DIRECTION,STRAIGHT & LEVEL,DAYLIGHT,Before,2018
23457821,HARDIN,US0031W,,DIXIE,AVE,37.72830869,-85.88423509,19.491,5/21/2018 0:00,1524,2,2,0,0,CLEAR,DRY,0,OTHER ROADWAY OR MID-BLOCK COLLISION,REAR END,STRAIGHT & LEVEL,DAYLIGHT,Before,2018
23480234,HARDIN,US0031W,,DIXIE,AVE,37.73444377,-85.88731244,19.964,5/18/2018 0:00,1310,2,2,0,0,CLOUDY,WET,0,OTHER ROADWAY OR MID-BLOCK COLLISION,REAR END,STRAIGHT & LEVEL,DAYLIGHT,Before,2018
23422087,HARDIN,US0031W,,DIXIE,AVE,37.72822314,-85.88421959,19.485,5/14/2018 0:00,752,2,2,0,2,CLEAR,DRY,0,OTHER INTERSECTION COLLISIONS,REAR END,STRAIGHT & LEVEL,DAYLIGHT,Before,2018
23457806,HARDIN,US0031W,,DIXIE,AVE,37.73118044,-85.88542297,19.709,5/11/2018 0:00,1015,2,2,0,0,CLEAR,DRY,0,REAR END IN TRAFFIC LANES BOTH VEHICLES MOVING,REAR END,STRAIGHT & LEVEL,DAYLIGHT,Before,2018
23407207,HARDIN,US0031W,,DIXIE,AVE,37.74513043,-85.89218037,20.72,5/10/2018 0:00,1500,3,3,0,0,CLEAR,DRY,0,OTHER ROADWAY OR MID-BLOCK COLLISION,REAR TO REAR,STRAIGHT & LEVEL,DAYLIGHT,Before,2018
23457877,HARDIN,US0031W,,DIXIE,AVE,37.74574795,-85.89273905,20.773,5/10/2018 0:00,2131,2,2,0,0,CLEAR,DRY,0,ANGLE COLLISION - OTHER,ANGLE,STRAIGHT & LEVEL,DARK-HWY NOT LIGHTED,Before,2018
23480294,HARDIN,US0031W,,DIXIE,AVE,37.73146384,-85.88555948,19.72,5/8/2018 0:00,1251,2,2,0,0,CLEAR,DRY,0,REAR END IN TRAFFIC LANES BOTH VEHICLES MOVING,REAR END,STRAIGHT & LEVEL,DAYLIGHT,Before,2018
23392693,HARDIN,US0031W,,DIXIE,AVE,37.73170054,-85.8859474,19.744,5/5/2018 0:00,1120,3,3,0,1,RAINING,WET,0,REAR END IN TRAFFIC LANES BOTH VEHICLES MOVING,REAR END,STRAIGHT & LEVEL,DAYLIGHT,Before,2018
23384890,HARDIN,US0031W,,DIXIE,AVE,37.73124048,-85.88546694,19.704,5/1/2018 0:00,707,2,2,0,1,CLEAR,DRY,0,ANGLE COLLISION - ONE VEHICLE TURNING LEFT,ANGLE,STRAIGHT & LEVEL,DAYLIGHT,Before,2018
23362442,HARDIN,US0031W,,DIXIE,AVE,37.7412107,-85.89037063,20.426,4/30/2018 0:00,702,2,2,0,0,CLEAR,DRY,0,REAR END IN TRAFFIC LANES BOTH VEHICLES MOVING,REAR END,STRAIGHT & GRADE,DAYLIGHT,Before,2018
23384886,HARDIN,US0031W,,DIXIE,AVE,37.74565861,-85.89267336,20.765,4/29/2018 0:00,2,2,2,0,0,CLEAR,DRY,0,ANGLE COLLISION - OTHER,ANGLE,STRAIGHT & GRADE,DARK-HWY LIGHTED/ON,Before,2018
23451977,HARDIN,US0031W,,DIXIE,AVE,37.72945176,-85.88483966,19.576,4/27/2018 0:00,1611,2,2,0,0,CLEAR,DRY,0,OTHER ROADWAY OR MID-BLOCK COLLISION,REAR END,STRAIGHT & LEVEL,DAYLIGHT,Before,2018
23372059,HARDIN,US0031W,,DIXIE,AVE,37.7340556,-85.88710448,19.872,4/27/2018 0:00,1327,2,2,0,1,CLEAR,DRY,0,OPPOSING LEFT TURN,OPPOSING LEFT TURN,STRAIGHT & LEVEL,DAYLIGHT,Before,2018
23457913,HARDIN,US0031W,,DIXIE,AVE,37.74350973,-85.89146117,20.599,4/24/2018 0:00,1221,2,2,0,0,CLEAR,DRY,0,1 VEHICLE ENTERING/LEAVING ENTRANCE,ANGLE,STRAIGHT & LEVEL,DAYLIGHT,Before,2018
23451962,HARDIN,US0031W,,DIXIE,AVE,37.73881642,-85.88946823,20.276,4/19/2018 0:00,2114,2,2,0,0,CLEAR,DRY,0,REAR END IN TRAFFIC LANES BOTH VEHICLES MOVING,REAR END,STRAIGHT & GRADE,DARK-HWY LIGHTED/ON,Before,2018
23287764,HARDIN,US0031W,,DIXIE,AVE,37.73336861,-85.88664448,19.861,4/16/2018 0:00,820,2,2,0,0,CLOUDY,WET,0,REAR END IN TRAFFIC LANES BOTH VEHICLES MOVING,REAR END,STRAIGHT & LEVEL,DAYLIGHT,Before,2018
23281099,HARDIN,US0031W,,DIXIE,AVE,37.74632633,-85.89298098,20.815,4/15/2018 0:00,1239,2,2,0,0,RAINING,WET,0,REAR END IN TRAFFIC LANES BOTH VEHICLES MOVING,REAR END,STRAIGHT & LEVEL,DAYLIGHT,Before,2018
23772611,HARDIN,US0031W,1602,DIXIE,AVE,37.72835365,-85.8842948,19.495,4/15/2018 0:00,1350,2,2,0,0,CLEAR,DRY,0,1 VEHICLE PARKED POSITION (NOT PARKING LOT/DRIVEWAY),BACKING,STRAIGHT & LEVEL,DAYLIGHT,Before,2018
23457921,HARDIN,US0031W,,DIXIE,AVE,37.74583073,-85.89250785,20.773,4/14/2018 0:00,1638,3,3,0,1,CLOUDY,WET,0,ANGLE COLLISION - ONE VEHICLE TURNING LEFT,ANGLE,STRAIGHT & LEVEL,DAYLIGHT,Before,2018
23308675,HARDIN,US0031W,,DIXIE,AVE,37.73451311,-85.88735807,19.972,3/31/2018 0:00,2003,2,2,0,0,CLEAR,WET,0,SIDESWIPE COLLISION - SAME DIRECTION,SIDESWIPE-SAME DIRECTION,STRAIGHT & LEVEL,DARK-HWY LIGHTED/ON,Before,2018
23343363,HARDIN,US0031W,,DIXIE,AVE,37.74582703,-85.8925088,20.772,3/27/2018 0:00,2012,2,2,0,0,CLEAR,DRY,1,OPPOSING LEFT TURN,OPPOSING LEFT TURN,STRAIGHT & GRADE,DARK-HWY LIGHTED/ON,Before,2018
23158937,HARDIN,US0031W,,DIXIE,AVE,37.73262896,-85.88639539,19.797,3/25/2018 0:00,1515,2,2,0,0,CLEAR,DRY,0,OTHER INTERSECTION COLLISIONS,REAR END,STRAIGHT & LEVEL,DAYLIGHT,Before,2018
23232485,HARDIN,US0031W,,DIXIE,AVE,37.73322447,-85.88671633,19.854,3/24/2018 0:00,1537,2,2,0,0,RAINING,WET,0,OTHER ROADWAY OR MID-BLOCK COLLISION,REAR END,STRAIGHT & LEVEL,DAYLIGHT,Before,2018
23121406,HARDIN,US0031W,,DIXIE,AVE,37.74273168,-85.89108042,20.54,3/19/2018 0:00,146,2,2,0,1,CLOUDY,DRY,0,REAR END IN TRAFFIC LANES BOTH VEHICLES MOVING,REAR END,STRAIGHT & HILLCREST,DARK-HWY NOT LIGHTED,Before,2018
23076570,HARDIN,US0031W,,DIXIE,AVE,37.7310563,-85.88530927,19.688,3/12/2018 0:00,1900,2,2,0,0,CLOUDY,WET,0,OTHER ROADWAY OR MID-BLOCK COLLISION,REAR END,STRAIGHT & LEVEL,DUSK,Before,2018
23156373,HARDIN,US0031W,,DIXIE,AVE,37.7457756,-85.89247324,20.776,3/7/2018 0:00,1422,2,2,0,0,CLOUDY,DRY,0,REAR END IN TRAFFIC LANES BOTH VEHICLES MOVING,REAR END,STRAIGHT & LEVEL,DAYLIGHT,Before,2018
23060355,HARDIN,US0031W,,DIXIE,AVE,37.74144451,-85.89077256,20.457,3/7/2018 0:00,1258,2,2,0,0,CLOUDY,DRY,0,OTHER ROADWAY OR MID-BLOCK COLLISION,REAR END,STRAIGHT & GRADE,DAYLIGHT,Before,2018
23037120,HARDIN,US0031W,,DIXIE,AVE,37.7310682,-85.88538064,19.691,2/28/2018 0:00,1637,2,2,0,0,CLOUDY,DRY,0,SIDESWIPE COLLISION - SAME DIRECTION,SIDESWIPE-SAME DIRECTION,STRAIGHT & LEVEL,DAYLIGHT,Before,2018
22995780,HARDIN,US0031W,,DIXIE,AVE,37.74620531,-85.89293853,20.806,2/27/2018 0:00,1644,2,2,0,0,CLEAR,DRY,0,OTHER ROADWAY OR MID-BLOCK COLLISION,REAR END,STRAIGHT & LEVEL,DAYLIGHT,Before,2018
22987521,HARDIN,US0031W,,DIXIE,AVE,37.73758298,-85.88886064,20.201,2/26/2018 0:00,1557,2,2,0,0,CLEAR,DRY,0,1 VEHICLE ENTERING/LEAVING ENTRANCE,ANGLE,STRAIGHT & LEVEL,DAYLIGHT,Before,2018
22975651,HARDIN,US0031W,,DIXIE,AVE,37.73099364,-85.88534913,19.685,2/23/2018 0:00,1427,2,2,0,0,CLOUDY,WET,0,SIDESWIPE COLLISION - SAME DIRECTION,SIDESWIPE-SAME DIRECTION,STRAIGHT & LEVEL,DAWN,Before,2018
23001751,HARDIN,US0031W,,DIXIE,AVE,37.73797531,-85.88905953,20.219,2/21/2018 0:00,750,2,2,0,0,RAINING,WET,0,OPPOSING LEFT TURN,OPPOSING LEFT TURN,STRAIGHT & GRADE,DAYLIGHT,Before,2018
22952492,HARDIN,US0031W,,DIXIE,AVE,37.73117012,-85.88568265,19.704,2/20/2018 0:00,1352,2,2,0,0,CLEAR,DRY,0,ANGLE COLLISION - OTHER,ANGLE,STRAIGHT & LEVEL,DAYLIGHT,Before,2018
22941618,HARDIN,US0031W,,DIXIE,AVE,37.72826275,-85.884246,19.488,2/16/2018 0:00,1411,2,2,0,0,CLEAR,WET,0,ANGLE COLLISION - ONE VEHICLE TURNING LEFT,ANGLE,STRAIGHT & LEVEL,DAYLIGHT,Before,2018
22903523,HARDIN,US0031W,,DIXIE,AVE,37.74577155,-85.89273595,20.771,2/12/2018 0:00,2018,2,2,0,0,CLEAR,DRY,0,OPPOSING LEFT TURN,OPPOSING LEFT TURN,STRAIGHT & LEVEL,DARK-HWY LIGHTED/ON,Before,2018
22899783,HARDIN,US0031W,,DIXIE,AVE,37.7310769,-85.88538614,19.691,2/11/2018 0:00,2018,2,2,0,0,CLOUDY,DRY,0,REAR END IN TRAFFIC LANES BOTH VEHICLES MOVING,REAR END,STRAIGHT & LEVEL,DARK-HWY LIGHTED/ON,Before,2018
22899801,HARDIN,US0031W,,DIXIE,AVE,37.72912996,-85.88464549,19.552,2/10/2018 0:00,1212,2,2,0,0,RAINING,WET,0,REAR END IN TRAFFIC LANES BOTH VEHICLES MOVING,REAR END,STRAIGHT & LEVEL,DAYLIGHT,Before,2018
22957224,HARDIN,US0031W,,DIXIE,AVE,37.74054697,-85.88997374,20.381,2/8/2018 0:00,1546,2,2,0,0,CLEAR,DRY,1,REAR END IN TRAFFIC LANES BOTH VEHICLES MOVING,REAR END,STRAIGHT & LEVEL,DAYLIGHT,Before,2018