IncidentID,County,RdwyNumber,Street,RoadwayName,StreetSfx,Latitude,Longitude,Milepoint,CollisionDate,CollisionTime,UnitsInvolved,MotorVehiclesInvolved,NumberKilled,NumberInjured,Weather,RdwyConditionCode,HitandRun,DirAnalysisCode,MannerofCollision,RdwyCharacter,LightCondition,Before_After_Construction,CollisionYear
22873230,HARDIN,US0031W,,DIXIE,AVE,37.73124434,-85.8857263,19.709,2/6/2018 0:00,1658,2,2,0,0,CLEAR,DRY,0,REAR END IN TRAFFIC LANES BOTH VEHICLES MOVING,REAR END,STRAIGHT & LEVEL,DAYLIGHT,Before,2018
23343372,HARDIN,US0031W,,DIXIE,AVE,37.73405588,-85.88710999,19.895,2/6/2018 0:00,1715,2,2,0,0,CLEAR,DRY,0,OTHER INTERSECTION COLLISIONS,REAR END,STRAIGHT & LEVEL,DAYLIGHT,Before,2018
22845838,HARDIN,US0031W,,DIXIE,AVE,37.7446618,-85.8922266,20.694,1/31/2018 0:00,651,1,1,0,0,CLEAR,DRY,0,,SINGLE VEHICLE,STRAIGHT & HILLCREST,DARK-HWY NOT LIGHTED,Before,2018
22814703,HARDIN,US0031W,,DIXIE,AVE,37.73123891,-85.88547466,19.705,1/29/2018 0:00,1632,2,2,0,0,CLEAR,DRY,0,ANGLE COLLISION - ONE VEHICLE TURNING LEFT,ANGLE,STRAIGHT & LEVEL,DAYLIGHT,Before,2018
22928066,HARDIN,US0031W,,DIXIE,AVE,37.73973885,-85.88992378,20.339,1/27/2018 0:00,1303,2,2,0,0,CLEAR,DRY,0,SIDESWIPE COLLISION - SAME DIRECTION,SIDESWIPE-SAME DIRECTION,STRAIGHT & LEVEL,DAYLIGHT,Before,2018
22928070,HARDIN,US0031W,,DIXIE,AVE,37.72829685,-85.88400677,19.478,1/26/2018 0:00,913,2,2,0,0,CLEAR,DRY,0,REAR END IN TRAFFIC LANES BOTH VEHICLES MOVING,REAR END,STRAIGHT & LEVEL,DAYLIGHT,Before,2018
22797687,HARDIN,US0031W,,DIXIE,AVE,37.7325103,-85.8863535,19.805,1/25/2018 0:00,1252,3,3,0,1,CLEAR,DRY,0,,REAR END,STRAIGHT & LEVEL,DAYLIGHT,Before,2018
22785648,HARDIN,US0031W,,DIXIE,AVE,37.74628163,-85.8929809,20.814,1/23/2018 0:00,1919,2,2,0,0,"SLEET, HAIL, FREEZING RAIN",WET,0,REAR END IN TRAFFIC LANES BOTH VEHICLES MOVING,REAR END,STRAIGHT & LEVEL,DARK (UNKNOWN ROADWAY LIGHTING),Before,2018
22771949,HARDIN,US0031W,,DIXIE,AVE,37.74020733,-85.8899541,20.362,1/22/2018 0:00,1522,2,2,0,0,CLOUDY,WET,0,REAR END IN TRAFFIC LANES BOTH VEHICLES MOVING,REAR END,STRAIGHT & GRADE,DAYLIGHT,Before,2018
22770766,HARDIN,US0031W,,DIXIE,AVE,37.7353591,-85.88774487,20.06,1/19/2018 0:00,1259,2,2,0,0,CLEAR,DRY,0,REAR END IN TRAFFIC LANES BOTH VEHICLES MOVING,REAR END,STRAIGHT & LEVEL,DAYLIGHT,Before,2018
22793401,HARDIN,US0031W,,DIXIE,AVE,37.737425,-85.88850206,20.19,1/19/2018 0:00,1833,3,3,0,1,CLEAR,DRY,0,REAR END IN TRAFFIC LANES BOTH VEHICLES MOVING,REAR END,STRAIGHT & GRADE,DARK-HWY LIGHTED/ON,Before,2018
22771539,HARDIN,US0031W,,DIXIE,AVE,37.74608805,-85.89286793,20.797,1/18/2018 0:00,1318,2,2,0,0,CLEAR,DRY,0,REAR END IN TRAFFIC LANES BOTH VEHICLES MOVING,REAR END,STRAIGHT & LEVEL,DAYLIGHT,Before,2018
22786912,HARDIN,US0031W,,DIXIE,AVE,37.7299414,-85.8848244,19.604,1/8/2018 0:00,2258,2,2,0,0,FOG,WET,1,,ANGLE,STRAIGHT & LEVEL,DARK-HWY LIGHTED/ON,Before,2018
22696932,HARDIN,US0031W,,DIXIE,AVE,37.73931323,-85.88944418,20.302,1/8/2018 0:00,1856,2,2,0,0,RAINING,WET,0,SIDESWIPE COLLISION - SAME DIRECTION,SIDESWIPE-SAME DIRECTION,STRAIGHT & LEVEL,DARK-HWY LIGHTED/ON,Before,2018
22868646,HARDIN,US0031W,,DIXIE,AVE,37.7363571,-85.8880005,20.139,1/6/2018 0:00,1005,2,2,0,0,CLEAR,DRY,0,,ANGLE,STRAIGHT & LEVEL,DAYLIGHT,Before,2018
22725584,HARDIN,US0031W,,DIXIE,AVE,37.74113826,-85.89034872,20.421,1/5/2018 0:00,1419,3,3,0,1,CLEAR,DRY,0,OTHER ROADWAY OR MID-BLOCK COLLISION,REAR END,STRAIGHT & GRADE,DAYLIGHT,Before,2018
22653024,HARDIN,US0031W,,DIXIE,AVE,37.7341846,-85.8871696,19.937,12/30/2017 0:00,1056,2,2,0,0,CLOUDY,DRY,0,,REAR END,STRAIGHT & LEVEL,DAYLIGHT,Before,2017
22653142,HARDIN,US0031W,,DIXIE,AVE,37.73416317,-85.88719478,19.89,12/30/2017 0:00,1642,2,2,0,0,CLEAR,DRY,0,OTHER INTERSECTION COLLISIONS,REAR END,STRAIGHT & LEVEL,DAYLIGHT,Before,2017
22720760,HARDIN,US0031W,,DIXIE,AVE,37.74549049,-85.89228432,20.746,12/28/2017 0:00,1354,2,2,0,0,CLEAR,DRY,0,REAR END IN TRAFFIC LANES BOTH VEHICLES MOVING,REAR END,STRAIGHT & LEVEL,DAYLIGHT,Before,2017
22633904,HARDIN,US0031W,,DIXIE,AVE,37.73360865,-85.88689302,19.879,12/26/2017 0:00,1321,2,2,0,0,CLEAR,DRY,0,REAR END IN TRAFFIC LANES BOTH VEHICLES MOVING,REAR END,STRAIGHT & LEVEL,DAYLIGHT,Before,2017
22622539,HARDIN,US0031W,,DIXIE,AVE,37.7325703,-85.8861171,19.803,12/22/2017 0:00,1314,2,2,0,0,CLOUDY,WET,0,,REAR END,STRAIGHT & LEVEL,DAYLIGHT,Before,2017
22672907,HARDIN,US0031W,,DIXIE,AVE,37.7331543,-85.88665725,19.849,12/21/2017 0:00,1454,2,2,0,0,CLEAR,DRY,0,REAR END IN TRAFFIC LANES BOTH VEHICLES MOVING,REAR END,STRAIGHT & LEVEL,DAYLIGHT,Before,2017
22633898,HARDIN,US0031W,,DIXIE,AVE,37.72889159,-85.88455812,19.535,12/20/2017 0:00,2032,2,2,0,0,CLEAR,DRY,0,SIDESWIPE COLLISION - SAME DIRECTION,SIDESWIPE-SAME DIRECTION,STRAIGHT & LEVEL,DARK-HWY LIGHTED/ON,Before,2017
22633897,HARDIN,US0031W,,DIXIE,AVE,37.73760079,-85.88852685,20.198,12/18/2017 0:00,1330,2,2,0,0,CLOUDY,WET,0,1 VEHICLE ENTERING/LEAVING ENTRANCE,ANGLE,STRAIGHT & LEVEL,DAYLIGHT,Before,2017
22688195,HARDIN,US0031W,,DIXIE,AVE,37.72848986,-85.88410274,19.493,12/16/2017 0:00,1427,3,3,0,0,CLEAR,DRY,0,REAR END IN TRAFFIC LANES BOTH VEHICLES MOVING,REAR END,STRAIGHT & LEVEL,DAYLIGHT,Before,2017
22221214,HARDIN,US0031W,,DIXIE,AVE,37.7379635,-85.88880054,20.216,12/16/2017 0:00,1901,3,3,0,0,CLEAR,DRY,0,REAR END IN TRAFFIC LANES BOTH VEHICLES MOVING,REAR END,STRAIGHT & LEVEL,DARK-HWY LIGHTED/ON,Before,2017
22976169,HARDIN,US0031W,,DIXIE,AVE,37.7329445,-85.8865551,19.834,12/15/2017 0:00,2104,2,2,0,2,CLEAR,DRY,0,,REAR END,STRAIGHT & LEVEL,DARK-HWY LIGHTED/ON,Before,2017
22976206,HARDIN,US0031W,,DIXIE,AVE,37.73760554,-85.88893533,20.203,12/15/2017 0:00,1846,2,2,0,0,CLEAR,DRY,0,1 VEHICLE ENTERING/LEAVING ENTRANCE,ANGLE,STRAIGHT & GRADE,DARK-HWY LIGHTED/ON,Before,2017
22540321,HARDIN,US0031W,,DIXIE,AVE,37.73759408,-85.88859886,20.198,12/9/2017 0:00,1958,2,2,0,0,CLEAR,DRY,0,HEAD-ON COLLISION,HEAD ON,STRAIGHT & LEVEL,DARK-HWY LIGHTED/ON,Before,2017
21429759,HARDIN,US0031W,,DIXIE,AVE,37.7285724,-85.8844479,19.512,12/4/2017 0:00,1438,2,2,0,0,CLEAR,DRY,0,,SIDESWIPE-SAME DIRECTION,STRAIGHT & LEVEL,DAYLIGHT,Before,2017
21898417,HARDIN,US0031W,,DIXIE,AVE,37.73093598,-85.8853227,19.681,12/2/2017 0:00,1333,2,2,0,0,CLEAR,DRY,0,SIDESWIPE COLLISION - SAME DIRECTION,SIDESWIPE-SAME DIRECTION,STRAIGHT & LEVEL,DAYLIGHT,Before,2017
21079819,HARDIN,US0031W,,DIXIE,AVE,37.745774,-85.8924891,20.772,12/2/2017 0:00,2136,2,2,0,1,CLEAR,DRY,0,,ANGLE,STRAIGHT & LEVEL,DARK-HWY LIGHTED/ON,Before,2017
21898411,HARDIN,US0031W,,DIXIE,AVE,37.73278603,-85.8864851,19.824,12/2/2017 0:00,1723,2,2,0,0,CLEAR,DRY,0,OTHER ROADWAY OR MID-BLOCK COLLISION,REAR END,STRAIGHT & LEVEL,DUSK,Before,2017
22540347,HARDIN,US0031W,1940,DIXIE,AVE,37.73804635,-85.8888358,20.22,12/1/2017 0:00,2009,2,2,0,0,CLEAR,DRY,0,SIDESWIPE-SAME DIRECTION,SIDESWIPE-SAME DIRECTION,STRAIGHT & LEVEL,DARK-HWY LIGHTED/ON,Before,2017
21074206,HARDIN,US0031W,,DIXIE,AVE,37.73122165,-85.88552611,19.7,11/30/2017 0:00,555,2,2,0,0,CLOUDY,WET,0,ANGLE COLLISION - ONE VEHICLE TURNING LEFT,ANGLE,STRAIGHT & LEVEL,DARK-HWY LIGHTED/ON,Before,2017
21037082,HARDIN,US0031W,,DIXIE,AVE,37.7312067,-85.8855462,19.703,11/29/2017 0:00,1044,1,1,0,0,CLEAR,DRY,0,,SINGLE VEHICLE,STRAIGHT & LEVEL,DAYLIGHT,Before,2017
21060410,HARDIN,US0031W,,DIXIE,AVE,37.74435561,-85.89187118,20.663,11/28/2017 0:00,2059,2,2,0,0,CLEAR,DRY,0,1 VEHICLE ENTERING/LEAVING ENTRANCE,ANGLE,STRAIGHT & GRADE,DARK-HWY LIGHTED/ON,Before,2017
21059653,HARDIN,US0031W,,DIXIE,AVE,37.72895942,-85.88458067,19.539,11/25/2017 0:00,1331,2,2,0,0,CLEAR,DRY,0,SIDESWIPE COLLISION - SAME DIRECTION,SIDESWIPE-SAME DIRECTION,STRAIGHT & LEVEL,DAYLIGHT,Before,2017
21025851,HARDIN,US0031W,,DIXIE,AVE,37.73354338,-85.88685664,19.875,11/25/2017 0:00,1612,2,2,0,0,CLEAR,DRY,0,OTHER ROADWAY OR MID-BLOCK COLLISION,REAR END,STRAIGHT & LEVEL,DAYLIGHT,Before,2017
22641283,HARDIN,US0031W,,DIXIE,AVE,37.73843378,-85.88928051,20.25,11/24/2017 0:00,1157,2,2,0,0,CLEAR,DRY,0,REAR END IN TRAFFIC LANES BOTH VEHICLES MOVING,REAR END,STRAIGHT & LEVEL,DAYLIGHT,Before,2017
22633951,HARDIN,US0031W,,DIXIE,AVE,37.73230679,-85.88598964,19.784,11/24/2017 0:00,1341,2,2,0,0,CLEAR,DRY,0,OTHER ROADWAY OR MID-BLOCK COLLISION,REAR END,STRAIGHT & LEVEL,DAYLIGHT,Before,2017
21093489,HARDIN,US0031W,,DIXIE,AVE,37.73612518,-85.88814437,20.125,11/24/2017 0:00,1154,2,2,0,0,CLEAR,DRY,0,OTHER ROADWAY OR MID-BLOCK COLLISION,REAR END,STRAIGHT & HILLCREST,DAYLIGHT,Before,2017
22633947,HARDIN,US0031W,,DIXIE,AVE,37.73783871,-85.88898805,20.213,11/24/2017 0:00,1333,2,2,0,0,CLEAR,DRY,0,OTHER ROADWAY OR MID-BLOCK COLLISION,REAR END,STRAIGHT & LEVEL,DAYLIGHT,Before,2017
21037078,HARDIN,US0031W,,DIXIE,AVE,37.731244,-85.8854644,19.704,11/23/2017 0:00,2020,2,2,0,0,CLEAR,DRY,1,,SIDESWIPE-SAME DIRECTION,STRAIGHT & LEVEL,DARK-HWY LIGHTED/ON,Before,2017
20971203,HARDIN,US0031W,,DIXIE,AVE,37.73600986,-85.88808847,20.116,11/21/2017 0:00,1220,2,2,0,0,CLEAR,DRY,0,1 VEHICLE ENTERING/LEAVING ENTRANCE,ANGLE,STRAIGHT & LEVEL,DAYLIGHT,Before,2017
22633943,HARDIN,US0031W,1600,DIXIE,AVE,37.73628007,-85.88795204,20.133,11/21/2017 0:00,1312,2,2,0,1,CLEAR,DRY,0,OTHER ROADWAY OR MID-BLOCK COLLISION,REAR END,STRAIGHT & HILLCREST,DAYLIGHT,Before,2017
20950701,HARDIN,US0031W,,DIXIE,AVE,37.72843251,-85.88436761,19.501,11/19/2017 0:00,1418,2,2,0,0,CLEAR,DRY,0,SIDESWIPE COLLISION - SAME DIRECTION,SIDESWIPE-SAME DIRECTION,STRAIGHT & LEVEL,DAYLIGHT,Before,2017
20950753,HARDIN,US0031W,,DIXIE,AVE,37.73118598,-85.88569564,19.703,11/17/2017 0:00,1449,2,2,0,0,CLEAR,DRY,0,ANGLE COLLISION - OTHER,ANGLE,STRAIGHT & LEVEL,DAYLIGHT,Before,2017
20927180,HARDIN,US0031W,,DIXIE,AVE,37.7422928,-85.8910266,20.517,11/9/2017 0:00,1250,2,2,0,3,CLEAR,DRY,0,,REAR END,STRAIGHT & GRADE,DAYLIGHT,Before,2017
20864786,HARDIN,US0031W,,DIXIE,AVE,37.74621273,-85.892962,20.807,11/4/2017 0:00,1305,2,2,0,0,CLOUDY,DRY,0,OTHER ROADWAY OR MID-BLOCK COLLISION,REAR END,STRAIGHT & LEVEL,DAYLIGHT,Before,2017
20867320,HARDIN,US0031W,,DIXIE,AVE,37.7330965,-85.88648167,19.842,11/4/2017 0:00,1505,2,2,0,0,CLOUDY,DRY,0,SIDESWIPE COLLISION - SAME DIRECTION,SIDESWIPE-SAME DIRECTION,STRAIGHT & LEVEL,DAYLIGHT,Before,2017
20864785,HARDIN,US0031W,,DIXIE,AVE,37.73375388,-85.88697149,19.889,11/4/2017 0:00,1931,2,2,0,0,CLEAR,DRY,0,REAR END IN TRAFFIC LANES BOTH VEHICLES MOVING,REAR END,STRAIGHT & LEVEL,DARK-HWY LIGHTED/ON,Before,2017
20859170,HARDIN,US0031W,,DIXIE,AVE,37.74581364,-85.89275416,20.768,11/2/2017 0:00,1912,3,3,0,0,CLOUDY,DRY,0,OTHER INTERSECTION COLLISIONS,REAR END,STRAIGHT & LEVEL,DARK-HWY LIGHTED/ON,Before,2017
20859183,HARDIN,US0031W,,DIXIE,AVE,37.74519133,-85.89221475,20.725,11/2/2017 0:00,1922,2,2,0,0,CLEAR,DRY,0,REAR END IN TRAFFIC LANES BOTH VEHICLES MOVING,REAR END,STRAIGHT & LEVEL,DUSK,Before,2017
20875240,HARDIN,US0031W,,DIXIE,AVE,37.73473026,-85.88744691,19.994,11/2/2017 0:00,1626,3,3,0,0,CLOUDY,DRY,0,OTHER ROADWAY OR MID-BLOCK COLLISION,REAR END,STRAIGHT & LEVEL,DAYLIGHT,Before,2017
20956878,HARDIN,US0031W,,DIXIE,AVE,37.7406421,-85.8901246,20.389,11/1/2017 0:00,2039,2,2,0,2,CLEAR,DRY,0,,REAR END,STRAIGHT & GRADE,DARK-HWY LIGHTED/ON,Before,2017
20785661,HARDIN,US0031W,,DIXIE,AVE,37.7375715,-85.8885548,20.197,10/23/2017 0:00,820,2,2,0,0,RAINING,WET,0,,REAR END,STRAIGHT & GRADE,DAYLIGHT,Before,2017
20854464,HARDIN,US0031W,,DIXIE,AVE,37.73235132,-85.88599687,19.787,10/23/2017 0:00,1538,2,2,0,0,RAINING,WET,0,1 VEHICLE ENTERING/LEAVING ENTRANCE,ANGLE,STRAIGHT & LEVEL,DAYLIGHT,Before,2017
20811887,HARDIN,US0031W,,DIXIE,AVE,37.7410998,-85.8905851,20.431,10/22/2017 0:00,2133,2,2,0,0,CLEAR,DRY,0,,OPPOSING LEFT TURN,STRAIGHT & GRADE,DARK-HWY LIGHTED/ON,Before,2017
20770587,HARDIN,US0031W,,DIXIE,AVE,37.7332066,-85.8866961,19.852,10/20/2017 0:00,1112,2,2,0,0,CLEAR,DRY,0,,REAR END,STRAIGHT & LEVEL,DAYLIGHT,Before,2017
20861314,HARDIN,US0031W,,DIXIE,AVE,37.73670111,-85.88835518,20.158,10/19/2017 0:00,1943,2,2,0,0,CLEAR,DRY,0,SIDESWIPE COLLISION - SAME DIRECTION,SIDESWIPE-SAME DIRECTION,STRAIGHT & GRADE,DARK-HWY LIGHTED/ON,Before,2017
20693376,HARDIN,US0031W,,DIXIE,AVE,37.7282967,-85.8840206,19.479,10/7/2017 0:00,1743,2,2,0,2,CLEAR,DRY,0,,OPPOSING LEFT TURN,STRAIGHT & LEVEL,DAYLIGHT,Before,2017
20684706,HARDIN,US0031W,,DIXIE,AVE,37.74161824,-85.8908296,20.469,10/6/2017 0:00,1535,2,2,0,0,CLEAR,DRY,0,1 VEHICLE ENTERING/LEAVING ENTRANCE,ANGLE,STRAIGHT & GRADE,DAYLIGHT,Before,2017
20693370,HARDIN,US0031W,,DIXIE,AVE,37.7312452,-85.8854638,19.704,10/6/2017 0:00,1407,2,2,0,0,CLEAR,DRY,0,,ANGLE,STRAIGHT & LEVEL,DAYLIGHT,Before,2017
20693367,HARDIN,US0031W,,DIXIE,AVE,37.7284907,-85.8843572,19.505,10/3/2017 0:00,1158,2,2,0,0,CLEAR,DRY,0,,ANGLE,STRAIGHT & LEVEL,DAYLIGHT,Before,2017
20607275,HARDIN,US0031W,,DIXIE,AVE,37.72839446,-85.88429088,19.497,9/23/2017 0:00,949,2,2,0,0,CLEAR,DRY,0,REAR END IN TRAFFIC LANES BOTH VEHICLES MOVING,REAR END,STRAIGHT & LEVEL,DAYLIGHT,Before,2017
20610709,HARDIN,US0031W,,DIXIE,AVE,37.7415509,-85.8905107,20.45,9/22/2017 0:00,1250,2,2,0,0,CLEAR,DRY,0,,REAR END,STRAIGHT & GRADE,DAYLIGHT,Before,2017
20646318,HARDIN,US0031W,,DIXIE,AVE,37.73117521,-85.88569122,19.704,9/22/2017 0:00,654,3,3,0,0,CLEAR,DRY,0,ANGLE COLLISION - ONE VEHICLE TURNING LEFT,ANGLE,STRAIGHT & LEVEL,DARK-HWY NOT LIGHTED,Before,2017
20641201,HARDIN,US0031W,,DIXIE,AVE,37.7412253,-85.8906585,20.44,9/20/2017 0:00,1332,2,2,0,0,CLEAR,DRY,1,,REAR TO REAR,STRAIGHT & LEVEL,DAYLIGHT,Before,2017
20684693,HARDIN,US0031W,,DIXIE,AVE,37.73266295,-85.88642052,19.792,9/18/2017 0:00,1617,2,2,0,0,CLEAR,DRY,0,OTHER ROADWAY OR MID-BLOCK COLLISION,OPPOSING LEFT TURN,STRAIGHT & LEVEL,DAYLIGHT,Before,2017
20565582,HARDIN,US0031W,,DIXIE,AVE,37.73348094,-85.88684054,19.871,9/16/2017 0:00,1346,2,2,0,0,CLEAR,DRY,0,OTHER ROADWAY OR MID-BLOCK COLLISION,REAR END,STRAIGHT & LEVEL,DAYLIGHT,Before,2017
20610733,HARDIN,US0031W,,DIXIE,AVE,37.7311872,-85.8857043,19.705,9/16/2017 0:00,2015,2,2,0,0,CLEAR,DRY,0,,REAR END,STRAIGHT & LEVEL,DARK-HWY LIGHTED/ON,Before,2017
20610702,HARDIN,US0031W,,DIXIE,AVE,37.7370481,-85.8885983,20.175,9/13/2017 0:00,1747,3,3,0,0,RAINING,WET,0,,ANGLE,STRAIGHT & LEVEL,DAYLIGHT,Before,2017
20571475,HARDIN,US0031W,,DIXIE,AVE,37.74465001,-85.89209526,20.687,9/10/2017 0:00,1710,1,1,0,0,CLEAR,DRY,0,COLLISION WITH FIXED OBJECT NON - INTERSECTION - FIRST EVENT COLLISION 09 - 32 EXCLUDING 16,SINGLE VEHICLE,STRAIGHT & GRADE,DAYLIGHT,Before,2017
20598350,HARDIN,US0031W,,DIXIE,AVE,37.7316254,-85.8856531,19.733,9/9/2017 0:00,1348,2,2,0,0,CLEAR,DRY,0,,REAR END,STRAIGHT & LEVEL,DAYLIGHT,Before,2017
20524853,HARDIN,US0031W,,DIXIE,AVE,37.7444869,-85.8920603,20.68,9/8/2017 0:00,1830,2,2,0,0,CLEAR,ICE,0,,REAR END,STRAIGHT & GRADE,DAYLIGHT,Before,2017
20610537,HARDIN,US0031W,,DIXIE,AVE,37.74582993,-85.89250457,20.773,9/7/2017 0:00,1651,2,2,0,0,CLEAR,DRY,0,ANGLE COLLISION - ONE VEHICLE TURNING LEFT,ANGLE,STRAIGHT & LEVEL,DAYLIGHT,Before,2017
20524845,HARDIN,US0031W,,DIXIE,AVE,37.7326278,-85.8861964,19.809,9/6/2017 0:00,1117,2,2,0,0,CLEAR,DRY,0,,ANGLE,STRAIGHT & GRADE,DAYLIGHT,Before,2017
20524846,HARDIN,US0031W,,DIXIE,AVE,37.7316627,-85.8859306,19.741,9/6/2017 0:00,1222,2,2,0,0,CLEAR,DRY,0,,REAR END,STRAIGHT & LEVEL,DAYLIGHT,Before,2017
20490946,HARDIN,US0031W,,DIXIE,AVE,37.73802429,-85.88908533,20.218,9/2/2017 0:00,1105,2,2,0,0,CLOUDY,WET,0,OTHER ROADWAY OR MID-BLOCK COLLISION,REAR END,STRAIGHT & LEVEL,DAYLIGHT,Before,2017
20557135,HARDIN,US0031W,,DIXIE,AVE,37.73379426,-85.88670363,19.887,9/1/2017 0:00,1152,2,2,0,0,RAINING,WET,0,ANGLE COLLISION - ONE VEHICLE TURNING LEFT,ANGLE,STRAIGHT & LEVEL,DAYLIGHT,Before,2017
20489494,HARDIN,US0031W,,DIXIE,AVE,37.74114772,-85.89069727,20.385,9/1/2017 0:00,1549,2,2,0,0,RAINING,WET,0,ANGLE COLLISION - OTHER,ANGLE,STRAIGHT & LEVEL,DARK-HWY LIGHTED/OFF,Before,2017
20428339,HARDIN,US0031W,,DIXIE,AVE,37.74127202,-85.890646,20.443,8/24/2017 0:00,1154,2,2,0,0,CLEAR,DRY,0,1 VEHICLE ENTERING/LEAVING ENTRANCE,ANGLE,STRAIGHT & GRADE,DAYLIGHT,Before,2017
20483007,HARDIN,US0031W,,DIXIE,AVE,37.72946331,-85.88486716,19.578,8/24/2017 0:00,1738,2,2,0,0,CLEAR,DRY,0,1 VEHICLE ENTERING/LEAVING ENTRANCE,ANGLE,STRAIGHT & LEVEL,DAYLIGHT,Before,2017
20424344,HARDIN,US0031W,,DIXIE,AVE,37.73989297,-85.88976505,20.341,8/22/2017 0:00,1430,2,2,0,0,CLEAR,DRY,0,REAR END IN TRAFFIC LANES BOTH VEHICLES MOVING,REAR END,STRAIGHT & GRADE,DAYLIGHT,Before,2017
20436299,HARDIN,US0031W,,DIXIE,AVE,37.73089597,-85.88529814,19.677,8/21/2017 0:00,2111,2,2,0,0,CLEAR,DRY,0,REAR END IN TRAFFIC LANES BOTH VEHICLES MOVING,REAR END,STRAIGHT & LEVEL,DARK-HWY LIGHTED/ON,Before,2017
20403369,HARDIN,US0031W,,DIXIE,AVE,37.7311762,-85.8856891,19.704,8/17/2017 0:00,1358,2,2,0,0,CLEAR,DRY,0,,ANGLE,STRAIGHT & LEVEL,DAYLIGHT,Before,2017
20403367,HARDIN,US0031W,,DIXIE,AVE,37.7462591,-85.8929486,20.813,8/16/2017 0:00,1320,2,2,0,0,CLEAR,DRY,0,,REAR END,STRAIGHT & LEVEL,DAYLIGHT,Before,2017
20436296,HARDIN,US0031W,,DIXIE,AVE,37.74018482,-85.88990052,20.359,8/15/2017 0:00,1428,2,2,0,0,CLEAR,DRY,0,1 VEHICLE ENTERING/LEAVING ENTRANCE,ANGLE,STRAIGHT & LEVEL,DAYLIGHT,Before,2017
20417720,HARDIN,US0031W,,DIXIE,AVE,37.7339272,-85.8870509,19.901,8/7/2017 0:00,1136,2,2,0,0,CLOUDY,WET,0,,ANGLE,STRAIGHT & LEVEL,DAYLIGHT,Before,2017
20332584,HARDIN,US0031W,,DIXIE,AVE,37.7458371,-85.89277685,20.766,8/7/2017 0:00,725,2,2,0,0,CLEAR,WET,1,SIDESWIPE COLLISION - OPPOSITE DIRECTION,SIDESWIPE-OPPOSITE DIRECTION,STRAIGHT & GRADE,DAYLIGHT,Before,2017
20304520,HARDIN,US0031W,,DIXIE,AVE,37.74121395,-85.89064722,20.439,8/5/2017 0:00,1045,2,2,0,0,CLEAR,DRY,0,OTHER ROADWAY OR MID-BLOCK COLLISION,REAR END,STRAIGHT & GRADE,DAYLIGHT,Before,2017
20321674,HARDIN,US0031W,,DIXIE,AVE,37.7306397,-85.8852391,19.659,8/4/2017 0:00,1056,2,2,0,0,CLEAR,DRY,0,OTHER ROADWAY OR MID-BLOCK COLLISION,REAR END,STRAIGHT & LEVEL,DAYLIGHT,Before,2017
20321678,HARDIN,US0031W,,DIXIE,AVE,37.7457098,-85.8926942,20.773,8/4/2017 0:00,1331,2,2,0,0,CLEAR,DRY,0,ANGLE COLLISION - ONE VEHICLE TURNING LEFT,ANGLE,STRAIGHT & LEVEL,DAYLIGHT,Before,2017
20448174,HARDIN,US0031W,,DIXIE,AVE,37.7413702,-85.8907641,20.452,8/1/2017 0:00,2237,2,2,0,0,CLOUDY,DRY,0,,REAR END,STRAIGHT & LEVEL,DARK-HWY LIGHTED/ON,Before,2017
20410435,HARDIN,US0031W,,DIXIE,AVE,37.73196182,-85.88609157,19.764,7/31/2017 0:00,1725,2,2,0,0,CLEAR,DRY,0,OTHER ROADWAY OR MID-BLOCK COLLISION,REAR END,STRAIGHT & LEVEL,DAWN,Before,2017
20295324,HARDIN,US0031W,,DIXIE,AVE,37.7327884,-85.8864951,19.824,7/31/2017 0:00,1255,2,2,0,0,CLEAR,DRY,0,REAR END IN TRAFFIC ONE VEHICLE STOPPED,REAR END,STRAIGHT & LEVEL,DAYLIGHT,Before,2017
20402986,HARDIN,US0031W,,DIXIE,AVE,37.7317981,-85.8859974,19.751,7/29/2017 0:00,1415,2,2,0,0,CLEAR,DRY,0,,REAR END,STRAIGHT & LEVEL,DAYLIGHT,Before,2017
20659633,HARDIN,US0031W,,DIXIE,AVE,37.731975,-85.8858279,19.759,7/27/2017 0:00,1848,2,2,0,0,CLOUDY,WET,0,,REAR END,STRAIGHT & LEVEL,DAYLIGHT,Before,2017
20280270,HARDIN,US0031W,,DIXIE,AVE,37.73365337,-85.88666178,19.879,7/26/2017 0:00,2230,2,2,0,0,CLEAR,DRY,0,SIDESWIPE COLLISION - SAME DIRECTION,SIDESWIPE-SAME DIRECTION,STRAIGHT & LEVEL,DARK-HWY LIGHTED/ON,Before,2017
20410439,HARDIN,US0031W,,DIXIE,AVE,37.7346694,-85.88742685,19.988,7/25/2017 0:00,1412,2,2,0,0,CLEAR,DRY,0,OTHER ROADWAY OR MID-BLOCK COLLISION,REAR END,STRAIGHT & HILLCREST,DAYLIGHT,Before,2017
20295231,HARDIN,US0031W,,DIXIE,AVE,37.73136229,-85.88578918,19.718,7/25/2017 0:00,1737,2,2,0,0,CLEAR,DRY,0,REAR END IN TRAFFIC LANES BOTH VEHICLES MOVING,REAR END,STRAIGHT & LEVEL,DAYLIGHT,Before,2017