IncidentID,County,RdwyNumber,Street,RoadwayName,StreetSfx,Latitude,Longitude,Milepoint,CollisionDate,CollisionTime,UnitsInvolved,MotorVehiclesInvolved,NumberKilled,NumberInjured,Weather,RdwyConditionCode,HitandRun,DirAnalysisCode,MannerofCollision,RdwyCharacter,LightCondition,Before_After_Construction,CollisionYear
17529742,HARDIN,US0031W,,DIXIE,AVE,37.7338229,-85.8870019,19.894,1/14/2016 0:00,1531,2,2,0,0,CLEAR,DRY,0,REAR END IN TRAFFIC ONE VEHICLE STOPPED,REAR END,STRAIGHT & LEVEL,DAYLIGHT,Before,2016
17509429,HARDIN,US0031W,,DIXIE,AVE,37.7387192,-85.8891687,20.264,1/11/2016 0:00,1347,3,3,0,0,CLEAR,DRY,0,REAR END IN TRAFFIC LANES BOTH VEHICLES MOVING,REAR END,STRAIGHT & GRADE,DAYLIGHT,Before,2016
17486316,HARDIN,US0031W,,DIXIE,AVE,37.741605,-85.8908187,20.468,1/11/2016 0:00,1725,2,2,0,2,CLEAR,DRY,0,COLLISION WITH FIXED OBJECT NON - INTERSECTION - FIRST EVENT COLLISION 09 - 32 EXCLUDING 16,REAR END,STRAIGHT & LEVEL,DAYLIGHT,Before,2016
17523424,HARDIN,US0031W,,DIXIE,AVE,37.7346877,-85.8874315,19.99,1/10/2016 0:00,954,2,2,0,0,BLOWING SAND/SOIL/DIRT/SNOW,ICE,0,REAR END IN TRAFFIC LANES BOTH VEHICLES MOVING,REAR END,STRAIGHT & LEVEL,DAYLIGHT,Before,2016
17523849,HARDIN,US0031W,,DIXIE,AVE,37.7338972,-85.887032,19.899,1/7/2016 0:00,1400,2,2,0,1,CLEAR,DRY,0,OTHER ROADWAY OR MID-BLOCK COLLISION,REAR END,STRAIGHT & LEVEL,DAYLIGHT,Before,2016
17524884,HARDIN,US0031W,,,,37.745762,-85.8924718,20,1/2/2016 0:00,1056,2,2,0,0,CLEAR,DRY,0,ANGLE COLLISION - ONE VEHICLE TURNING LEFT,ANGLE,STRAIGHT & GRADE,DAYLIGHT,Before,2016
33911968,HARDIN,US0031W,,DIXIE,AVE,37.73276435,-85.8864823,19.822,8/29/2024 0:00,1941,2,2,0,0,CLEAR,DRY,0,REAR END IN TRAFFIC LANES BOTH VEHICLES MOVING,REAR END,STRAIGHT & LEVEL,DAYLIGHT,After,2024
33736471,HARDIN,US0031W,,DIXIE,AVE,37.73813293,-85.88913523,20.23,8/28/2024 0:00,1119,2,2,0,0,CLEAR,DRY,0,SIDESWIPE COLLISION - SAME DIRECTION,SIDESWIPE-SAME DIRECTION,STRAIGHT & LEVEL,DAYLIGHT,After,2024
33737513,HARDIN,US0031W,,DIXIE,AVE,37.7456684,-85.89268321,20.765,8/27/2024 0:00,1551,2,2,0,0,CLEAR,DRY,0,1 VEHICLE ENTERING/LEAVING ENTRANCE,ANGLE,STRAIGHT & LEVEL,DAYLIGHT,After,2024
33756410,HARDIN,US0031W,,DIXIE,AVE,37.7344235,-85.8872982,19.962,8/24/2024 0:00,1442,2,2,0,0,CLEAR,DRY,0,REAR END IN TRAFFIC LANES BOTH VEHICLES MOVING,REAR END,STRAIGHT & LEVEL,DAYLIGHT,After,2024
33911950,HARDIN,US0031W,,DIXIE,AVE,37.73317874,-85.88673561,19.851,8/20/2024 0:00,1556,2,2,0,0,CLEAR,DRY,0,SIDESWIPE COLLISION - SAME DIRECTION,SIDESWIPE-SAME DIRECTION,STRAIGHT & LEVEL,DAYLIGHT,After,2024
33736436,HARDIN,US0031W,,DIXIE,AVE,37.73416383,-85.88688766,19.92,8/15/2024 0:00,1301,2,2,0,0,CLEAR,DRY,1,ANGLE COLLISION - ONE VEHICLE TURNING LEFT,ANGLE,STRAIGHT & LEVEL,DAYLIGHT,After,2024
33676369,HARDIN,US0031W,,DIXIE,AVE,37.73771331,-85.88864528,20.204,8/15/2024 0:00,2323,2,2,0,0,CLEAR,DRY,0,REAR END IN TRAFFIC LANES BOTH VEHICLES MOVING,REAR END,STRAIGHT & LEVEL,DARK-HWY LIGHTED/ON,After,2024
33736437,HARDIN,US0031W,,DIXIE,AVE,37.73188257,-85.88601537,19.757,8/15/2024 0:00,554,2,2,0,0,CLEAR,DRY,0,REAR END IN TRAFFIC LANES BOTH VEHICLES MOVING,REAR END,STRAIGHT & LEVEL,DARK-HWY NOT LIGHTED,After,2024
33756625,HARDIN,US0031W,,DIXIE,AVE,37.72832311,-85.88427418,19.492,8/1/2024 0:00,800,2,2,0,0,RAINING,WET,0,REAR END IN TRAFFIC LANES BOTH VEHICLES MOVING,REAR END,STRAIGHT & LEVEL,DAYLIGHT,After,2024
33756615,HARDIN,US0031W,,DIXIE,AVE,37.73161938,-85.88591312,19.738,7/29/2024 0:00,1425,3,3,0,1,CLEAR,DRY,0,REAR END IN TRAFFIC LANES BOTH VEHICLES MOVING,REAR END,STRAIGHT & LEVEL,DAYLIGHT,After,2024
33594787,HARDIN,US0031W,,DIXIE,AVE,37.74582073,-85.89250419,20.772,7/28/2024 0:00,1134,1,1,0,1,RAINING,WET,0,COLLISION WITH FIXED OBJECT IN INTERSECTION - FIRST EVENT COLLISION 09 - 32,SINGLE VEHICLE,STRAIGHT & GRADE,DAYLIGHT,After,2024
33577224,HARDIN,US0031W,,DIXIE,AVE,37.73123279,-85.8857179,19.7,7/23/2024 0:00,1552,2,2,0,0,CLOUDY,DRY,0,REAR END IN TRAFFIC LANES BOTH VEHICLES MOVING,REAR END,STRAIGHT & LEVEL,DAYLIGHT,After,2024
33756608,HARDIN,US0031W,,DIXIE,AVE,37.73189784,-85.8859487,19.757,7/23/2024 0:00,1347,2,2,0,0,CLEAR,DRY,0,OTHER ROADWAY OR MID-BLOCK COLLISION,REAR END,STRAIGHT & LEVEL,DAYLIGHT,After,2024
33756614,HARDIN,US0031W,,DIXIE,AVE,37.73802861,-85.88882816,20.219,7/19/2024 0:00,1744,3,3,0,0,CLEAR,DRY,0,ANGLE COLLISION - OTHER,ANGLE,STRAIGHT & LEVEL,DAYLIGHT,After,2024
33736447,HARDIN,US0031W,,DIXIE,AVE,37.73129578,-85.88577227,19.695,7/14/2024 0:00,1420,2,2,0,0,CLEAR,DRY,0,ANGLE COLLISION - OTHER,ANGLE,STRAIGHT & LEVEL,DAYLIGHT,After,2024
33577205,HARDIN,US0031W,,DIXIE,AVE,37.73121569,-85.8854425,19.706,7/12/2024 0:00,1158,2,2,0,0,CLEAR,DRY,0,REAR END IN TRAFFIC LANES BOTH VEHICLES MOVING,REAR END,STRAIGHT & LEVEL,DAYLIGHT,After,2024
33756460,HARDIN,US0031W,,DIXIE,AVE,37.74118487,-85.89063284,20.437,7/11/2024 0:00,802,2,2,0,0,CLEAR,DRY,0,1 VEHICLE ENTERING/LEAVING ENTRANCE,ANGLE,STRAIGHT & LEVEL,DAYLIGHT,After,2024
33577212,HARDIN,US0031W,,DIXIE,AVE,37.73135789,-85.88577481,19.718,7/8/2024 0:00,1442,2,2,0,0,CLEAR,DRY,0,OTHER ROADWAY OR MID-BLOCK COLLISION,REAR END,STRAIGHT & LEVEL,DAYLIGHT,After,2024
33547171,HARDIN,US0031W,,DIXIE,AVE,37.73437679,-85.88727853,19.957,7/8/2024 0:00,1115,2,2,0,0,CLEAR,DRY,0,OTHER ROADWAY OR MID-BLOCK COLLISION,REAR END,STRAIGHT & LEVEL,DAYLIGHT,After,2024
33597415,HARDIN,US0031W,,DIXIE,AVE,37.73786529,-85.88876076,20.212,7/6/2024 0:00,1319,2,2,0,0,CLEAR,DRY,0,SIDESWIPE COLLISION - SAME DIRECTION,SIDESWIPE-SAME DIRECTION,STRAIGHT & LEVEL,DAYLIGHT,After,2024
33756467,HARDIN,US0031W,,DIXIE,AVE,37.74140485,-85.8907016,20.453,6/30/2024 0:00,1425,2,2,0,0,CLOUDY,WET,0,REAR END IN TRAFFIC LANES BOTH VEHICLES MOVING,REAR END,STRAIGHT & HILLCREST,DAYLIGHT,After,2024
33597407,HARDIN,US0031W,,DIXIE,AVE,37.73380073,-85.88670683,19.887,6/30/2024 0:00,1320,2,2,0,0,CLOUDY,DRY,0,OTHER INTERSECTION COLLISIONS,REAR END,STRAIGHT & LEVEL,DAYLIGHT,After,2024
33481806,HARDIN,US0031W,,DIXIE,AVE,37.73391077,-85.88704806,19.9,6/28/2024 0:00,1253,3,3,0,1,CLEAR,DRY,0,OTHER ROADWAY OR MID-BLOCK COLLISION,REAR END,STRAIGHT & LEVEL,DAYLIGHT,After,2024
33597388,HARDIN,US0031W,,DIXIE,AVE,37.73152715,-85.88589104,19.731,6/28/2024 0:00,1427,2,2,0,0,CLEAR,DRY,0,REAR END IN TRAFFIC LANES BOTH VEHICLES MOVING,REAR END,STRAIGHT & LEVEL,DAYLIGHT,After,2024
33597405,HARDIN,US0031W,,DIXIE,AVE,37.73803358,-85.88909759,20.223,6/27/2024 0:00,1845,2,2,0,0,CLEAR,DRY,0,OTHER INTERSECTION COLLISIONS,REAR END,STRAIGHT & LEVEL,DAYLIGHT,After,2024
33493571,HARDIN,US0031W,,DIXIE,AVE,37.73484093,-85.88749707,20.006,6/26/2024 0:00,1704,2,2,0,0,RAINING,WET,0,REAR END IN TRAFFIC LANES BOTH VEHICLES MOVING,REAR END,STRAIGHT & LEVEL,DAYLIGHT,After,2024
33493574,HARDIN,US0031W,,DIXIE,AVE,37.72957611,-85.88462786,19.576,6/25/2024 0:00,1720,2,2,0,0,CLEAR,DRY,0,REAR END IN TRAFFIC LANES BOTH VEHICLES MOVING,REAR END,STRAIGHT & LEVEL,DAYLIGHT,After,2024
33493548,HARDIN,US0031W,,DIXIE,AVE,37.7401484,-85.8898878,20.357,6/25/2024 0:00,1556,2,2,0,0,CLEAR,DRY,0,OTHER ROADWAY OR MID-BLOCK COLLISION,REAR END,STRAIGHT & LEVEL,DAYLIGHT,After,2024
33756454,HARDIN,US0031W,,DIXIE,AVE,37.73119754,-85.88544052,19.7,6/23/2024 0:00,1500,2,2,0,0,CLOUDY,DRY,0,OTHER ROADWAY OR MID-BLOCK COLLISION,REAR TO REAR,STRAIGHT & LEVEL,DAYLIGHT,After,2024
33493564,HARDIN,US0031W,,DIXIE,AVE,37.73740094,-85.88851244,20.189,6/18/2024 0:00,1623,2,2,0,0,CLEAR,DRY,0,OTHER ROADWAY OR MID-BLOCK COLLISION,REAR END,STRAIGHT & LEVEL,DAYLIGHT,After,2024
33493531,HARDIN,US0031W,,DIXIE,AVE,37.7326001,-85.88641305,19.809,6/14/2024 0:00,1707,2,2,0,0,CLEAR,DRY,0,ANGLE COLLISION - OTHER,ANGLE,STRAIGHT & LEVEL,DAYLIGHT,After,2024
33493554,HARDIN,US0031W,,DIXIE,AVE,37.73092178,-85.88556557,19.685,6/14/2024 0:00,1651,2,2,0,0,CLEAR,DRY,0,REAR END IN TRAFFIC LANES BOTH VEHICLES MOVING,REAR END,STRAIGHT & LEVEL,DAYLIGHT,After,2024
33367385,HARDIN,US0031W,,DIXIE,AVE,37.74377113,-85.89180677,20.627,6/6/2024 0:00,1255,2,2,0,0,CLEAR,DRY,0,SIDESWIPE COLLISION - SAME DIRECTION,SIDESWIPE-SAME DIRECTION,STRAIGHT & LEVEL,DAYLIGHT,After,2024
33597370,HARDIN,US0031W,,DIXIE,AVE,37.73666501,-85.88843098,20.158,6/5/2024 0:00,1535,2,2,0,0,CLEAR,DRY,0,SIDESWIPE COLLISION - SAME DIRECTION,SIDESWIPE-SAME DIRECTION,STRAIGHT & LEVEL,DAYLIGHT,After,2024
33509093,HARDIN,US0031W,,DIXIE,AVE,37.73119476,-85.88569565,19.703,5/30/2024 0:00,2117,2,2,0,1,CLEAR,DRY,0,ANGLE COLLISION - OTHER,ANGLE,STRAIGHT & LEVEL,DAYLIGHT,After,2024
33493573,HARDIN,US0031W,,DIXIE,AVE,37.74111105,-85.89033521,20.419,5/30/2024 0:00,2055,3,3,0,3,CLEAR,DRY,0,OTHER ROADWAY OR MID-BLOCK COLLISION,REAR END,STRAIGHT & LEVEL,DARK-HWY LIGHTED/ON,After,2024
33326483,HARDIN,US0031W,,DIXIE,AVE,37.73303026,-85.8866367,19.841,5/20/2024 0:00,1334,2,1,0,0,CLEAR,DRY,0,REAR END IN TRAFFIC LANES BOTH VEHICLES MOVING,REAR END,STRAIGHT & LEVEL,DAYLIGHT,After,2024
33756583,HARDIN,US0031W,,DIXIE,AVE,37.73341843,-85.88679882,19.866,5/20/2024 0:00,1324,2,2,0,0,CLEAR,DRY,0,REAR END IN TRAFFIC LANES BOTH VEHICLES MOVING,REAR END,STRAIGHT & LEVEL,DAYLIGHT,After,2024
33737519,HARDIN,US0031W,,DIXIE,AVE,37.7338306,-85.88689131,19.88,5/17/2024 0:00,1818,2,2,0,1,CLEAR,DRY,1,OPPOSING LEFT TURN,OPPOSING LEFT TURN,STRAIGHT & LEVEL,DAYLIGHT,After,2024
33597460,HARDIN,US0031W,,DIXIE,AVE,37.73255801,-85.88606661,19.801,5/14/2024 0:00,1819,2,2,0,0,CLEAR,DRY,0,ANGLE COLLISION - OTHER,ANGLE,STRAIGHT & LEVEL,DAYLIGHT,After,2024
33300275,HARDIN,US0031W,,DIXIE,AVE,37.73920023,-85.88922026,20.292,5/13/2024 0:00,1437,2,2,0,0,CLOUDY,DRY,0,REAR END IN TRAFFIC LANES BOTH VEHICLES MOVING,REAR END,STRAIGHT & LEVEL,DAYLIGHT,After,2024
33300266,HARDIN,US0031W,,DIXIE,AVE,37.73124538,-85.88546615,19.704,5/12/2024 0:00,1919,2,2,0,0,CLEAR,DRY,0,SIDESWIPE-SAME DIRECTION,SIDESWIPE-SAME DIRECTION,STRAIGHT & LEVEL,DAYLIGHT,After,2024
33597452,HARDIN,US0031W,,DIXIE,AVE,37.73416006,-85.88717693,19.935,5/4/2024 0:00,1632,2,2,0,0,CLOUDY,DRY,0,OTHER INTERSECTION COLLISIONS,REAR END,STRAIGHT & GRADE,DAYLIGHT,After,2024
33597445,HARDIN,US0031W,,DIXIE,AVE,37.73823185,-85.88887755,20.213,5/3/2024 0:00,1713,2,2,0,0,RAINING,WET,0,REAR END IN TRAFFIC LANES BOTH VEHICLES MOVING,REAR END,STRAIGHT & LEVEL,DAYLIGHT,After,2024
33230210,HARDIN,US0031W,,DIXIE,AVE,37.72880632,-85.88456619,19.529,4/30/2024 0:00,1543,2,2,0,0,CLEAR,DRY,0,1 VEHICLE ENTERING/LEAVING ENTRANCE,ANGLE,STRAIGHT & LEVEL,DAYLIGHT,After,2024
33202269,HARDIN,US0031W,,DIXIE,AVE,37.73033951,-85.88528378,19.642,4/25/2024 0:00,619,2,2,0,0,CLEAR,DRY,0,SIDESWIPE COLLISION - SAME DIRECTION,SIDESWIPE-SAME DIRECTION,STRAIGHT & LEVEL,DARK-HWY LIGHTED/ON,After,2024
33198103,HARDIN,US0031W,,DIXIE,AVE,37.74143297,-85.89073414,20.455,4/23/2024 0:00,1224,3,1,0,0,CLEAR,DRY,0,REAR END IN TRAFFIC LANES BOTH VEHICLES MOVING,REAR END,STRAIGHT & LEVEL,DAYLIGHT,After,2024
33202241,HARDIN,US0031W,,DIXIE,AVE,37.74132056,-85.89078047,20.449,4/23/2024 0:00,1153,2,2,0,0,CLEAR,DRY,0,OTHER INTERSECTION COLLISIONS,REAR END,STRAIGHT & LEVEL,DAYLIGHT,After,2024
33202257,HARDIN,US0031W,,DIXIE,AVE,37.73713659,-85.88835396,20.177,4/14/2024 0:00,1301,2,2,0,0,CLEAR,DRY,0,SIDESWIPE COLLISION - SAME DIRECTION,SIDESWIPE-SAME DIRECTION,STRAIGHT & HILLCREST,DAYLIGHT,After,2024
33098088,HARDIN,US0031W,,DIXIE,AVE,37.74456475,-85.89218571,20.685,4/10/2024 0:00,1041,2,2,0,0,CLOUDY,WET,0,REAR END IN TRAFFIC LANES BOTH VEHICLES MOVING,REAR END,STRAIGHT & GRADE,DAYLIGHT,After,2024
33215794,HARDIN,US0031W,,DIXIE,AVE,37.73201661,-85.88608772,19.767,4/10/2024 0:00,1652,3,3,0,1,RAINING,WET,0,REAR END IN TRAFFIC LANES BOTH VEHICLES MOVING,REAR END,STRAIGHT & LEVEL,DAYLIGHT,After,2024
33115275,HARDIN,US0031W,,DIXIE,AVE,37.72830046,-85.88426261,19.491,4/4/2024 0:00,1453,2,2,0,0,CLOUDY,DRY,0,OTHER ROADWAY OR MID-BLOCK COLLISION,REAR END,STRAIGHT & LEVEL,DAYLIGHT,After,2024
33204580,HARDIN,US0031W,,DIXIE,AVE,37.73396226,-85.88707867,19.901,3/29/2024 0:00,1434,2,2,0,0,CLEAR,DRY,0,ANGLE COLLISION - OTHER,ANGLE,STRAIGHT & LEVEL,DAYLIGHT,After,2024
33052662,HARDIN,US0031W,,DIXIE,AVE,37.73114738,-85.88541723,19.697,3/25/2024 0:00,1723,2,2,0,0,CLOUDY,DRY,0,REAR END IN TRAFFIC LANES BOTH VEHICLES MOVING,REAR END,STRAIGHT & LEVEL,DAYLIGHT,After,2024
33204584,HARDIN,US0031W,,DIXIE,AVE,37.73122992,-85.88552668,19.7,3/23/2024 0:00,1558,2,2,0,1,CLEAR,DRY,0,OPPOSING LEFT TURN,OPPOSING LEFT TURN,STRAIGHT & LEVEL,DAYLIGHT,After,2024
33070620,HARDIN,US0031W,,DIXIE,AVE,37.7415403,-85.89078356,20.463,3/15/2024 0:00,1502,2,2,0,0,RAINING,WET,0,REAR END IN TRAFFIC LANES BOTH VEHICLES MOVING,REAR END,STRAIGHT & LEVEL,DAYLIGHT,After,2024
32988799,HARDIN,US0031W,,DIXIE,AVE,37.72859678,-85.88411759,19.5,3/15/2024 0:00,900,2,2,0,0,CLEAR,DRY,0,REAR END IN TRAFFIC LANES BOTH VEHICLES MOVING,REAR END,STRAIGHT & LEVEL,DAYLIGHT,After,2024
32988800,HARDIN,US0031W,,DIXIE,AVE,37.7398886,-85.88971154,20.339,3/14/2024 0:00,1440,3,3,0,0,CLEAR,DRY,0,OTHER ROADWAY OR MID-BLOCK COLLISION,REAR END,STRAIGHT & LEVEL,DAYLIGHT,After,2024
33204579,HARDIN,US0031W,,DIXIE,AVE,37.7338866,-85.88680709,19.882,3/8/2024 0:00,1629,2,2,0,0,RAINING,WET,0,REAR END IN TRAFFIC LANES BOTH VEHICLES MOVING,REAR END,STRAIGHT & LEVEL,DAYLIGHT,After,2024
32980644,HARDIN,US0031W,,DIXIE,AVE,37.73123715,-85.88546991,19.705,3/4/2024 0:00,954,2,2,0,2,CLEAR,DRY,0,ANGLE COLLISION - OTHER,ANGLE,STRAIGHT & LEVEL,DAYLIGHT,After,2024
33004450,HARDIN,US0031W,,DIXIE,AVE,37.73262229,-85.88615516,19.803,3/2/2024 0:00,1739,2,2,0,0,CLEAR,DRY,0,1 VEHICLE ENTERING/LEAVING ENTRANCE,ANGLE,STRAIGHT & LEVEL,DAYLIGHT,After,2024
32980648,HARDIN,US0031W,,DIXIE,AVE,37.74831614,-85.89367272,20.962,3/2/2024 0:00,1808,2,2,0,0,CLEAR,DRY,0,SIDESWIPE COLLISION - SAME DIRECTION,SIDESWIPE-SAME DIRECTION,STRAIGHT & LEVEL,DAYLIGHT,After,2024
33070523,HARDIN,US0031W,,DIXIE,AVE,37.73626547,-85.88793729,20.131,3/2/2024 0:00,1159,2,2,0,0,CLOUDY,DRY,0,REAR END IN TRAFFIC LANES BOTH VEHICLES MOVING,REAR END,STRAIGHT & LEVEL,DAYLIGHT,After,2024
33004451,HARDIN,US0031W,,DIXIE,AVE,37.73621378,-85.88786298,20.126,3/1/2024 0:00,1653,2,2,0,0,CLEAR,DRY,0,SIDESWIPE COLLISION - SAME DIRECTION,SIDESWIPE-SAME DIRECTION,STRAIGHT & LEVEL,DAYLIGHT,After,2024
33070530,HARDIN,US0031W,,DIXIE,AVE,37.74138246,-85.89071638,20.451,2/24/2024 0:00,1645,2,2,0,0,CLEAR,DRY,0,OTHER INTERSECTION COLLISIONS,REAR END,STRAIGHT & LEVEL,DAYLIGHT,After,2024
32928616,HARDIN,US0031W,,DIXIE,AVE,37.7284909,-85.88409497,19.493,2/24/2024 0:00,1709,3,3,0,0,CLOUDY,DRY,0,REAR END IN TRAFFIC LANES BOTH VEHICLES MOVING,REAR END,STRAIGHT & LEVEL,DAYLIGHT,After,2024
32942319,HARDIN,US0031W,,DIXIE,AVE,37.73119164,-85.88560434,19.699,2/23/2024 0:00,1757,2,2,0,0,CLEAR,DRY,0,SIDESWIPE-SAME DIRECTION,SIDESWIPE-SAME DIRECTION,STRAIGHT & LEVEL,DAYLIGHT,After,2024
32947527,HARDIN,US0031W,,DIXIE,AVE,37.73127119,-85.8857287,19.697,2/23/2024 0:00,1828,2,1,0,0,CLEAR,DRY,0,REAR END IN TRAFFIC LANES BOTH VEHICLES MOVING,REAR END,STRAIGHT & LEVEL,DARK-HWY LIGHTED/ON,After,2024
32901409,HARDIN,US0031W,,DIXIE,AVE,37.73883424,-85.88924717,20.272,2/22/2024 0:00,1600,2,2,0,0,RAINING,WET,0,1 VEHICLE ENTERING/LEAVING ENTRANCE,ANGLE,STRAIGHT & LEVEL,DAYLIGHT,After,2024
32942317,HARDIN,US0031W,,DIXIE,AVE,37.73418963,-85.88717501,19.937,2/18/2024 0:00,1812,2,2,0,0,CLEAR,DRY,0,OTHER ROADWAY OR MID-BLOCK COLLISION,REAR END,STRAIGHT & LEVEL,DAYLIGHT,After,2024
33070502,HARDIN,US0031W,,DIXIE,AVE,37.73652063,-85.88828477,20.15,2/16/2024 0:00,1348,2,2,0,0,RAINING,WET,0,OTHER ROADWAY OR MID-BLOCK COLLISION,REAR END,STRAIGHT & LEVEL,DAYLIGHT,After,2024
32907862,HARDIN,US0031W,,DIXIE,AVE,37.73129928,-85.88575474,19.714,2/13/2024 0:00,1949,2,2,0,0,CLEAR,DRY,0,OTHER ROADWAY OR MID-BLOCK COLLISION,REAR END,STRAIGHT & LEVEL,DARK-HWY LIGHTED/ON,After,2024
32871162,HARDIN,US0031W,,DIXIE,AVE,37.74117232,-85.89062301,20.436,2/12/2024 0:00,457,2,2,0,0,CLEAR,DRY,1,SIDESWIPE COLLISION - SAME DIRECTION,SIDESWIPE-SAME DIRECTION,STRAIGHT & LEVEL,DARK (UNKNOWN ROADWAY LIGHTING),After,2024
32823794,HARDIN,US0031W,,DIXIE,AVE,37.7380317,-85.88883713,20.219,2/5/2024 0:00,1305,2,2,0,0,CLEAR,DRY,0,OTHER INTERSECTION COLLISIONS,REAR END,STRAIGHT & GRADE,DAYLIGHT,After,2024
33070532,HARDIN,US0031W,,DIXIE,AVE,37.74294689,-85.89118857,20.557,2/2/2024 0:00,1520,2,2,0,1,CLEAR,DRY,0,REAR END IN TRAFFIC LANES BOTH VEHICLES MOVING,REAR END,STRAIGHT & GRADE,DAYLIGHT,After,2024
32837893,HARDIN,US0031W,,DIXIE,AVE,37.74091091,-85.89020836,20.406,2/2/2024 0:00,1654,2,2,0,0,CLEAR,DRY,0,OTHER ROADWAY OR MID-BLOCK COLLISION,REAR END,STRAIGHT & LEVEL,DAYLIGHT,After,2024
32766879,HARDIN,US0031W,,DIXIE,AVE,37.74128804,-85.89043099,20.431,1/22/2024 0:00,1952,2,2,0,0,CLEAR,DRY,0,SIDESWIPE-SAME DIRECTION,SIDESWIPE-SAME DIRECTION,STRAIGHT & LEVEL,DARK-HWY LIGHTED/ON,After,2024
32837876,HARDIN,US0031W,,DIXIE,AVE,37.73014234,-85.88520159,19.628,1/18/2024 0:00,1636,2,2,0,0,SNOWING,SNOW/SLUSH,0,REAR END IN TRAFFIC LANES BOTH VEHICLES MOVING,REAR END,STRAIGHT & LEVEL,DAYLIGHT,After,2024
32837882,HARDIN,US0031W,,DIXIE,AVE,37.73396484,-85.88691717,19.898,1/16/2024 0:00,1649,2,2,0,1,CLEAR,DRY,0,OTHER ROADWAY OR MID-BLOCK COLLISION,REAR END,STRAIGHT & LEVEL,DAYLIGHT,After,2024
32735523,HARDIN,US0031W,,DIXIE,AVE,37.74116513,-85.89061017,20.435,1/15/2024 0:00,1200,2,2,0,1,CLEAR,ICE,0,OTHER INTERSECTION COLLISIONS,REAR END,STRAIGHT & LEVEL,DAYLIGHT,After,2024
32733475,HARDIN,US0031W,,DIXIE,AVE,37.74127885,-85.89042192,20.43,1/5/2024 0:00,1456,2,2,0,0,CLOUDY,DRY,0,ANGLE COLLISION - OTHER,ANGLE,STRAIGHT & LEVEL,DAYLIGHT,After,2024
32778604,HARDIN,US0031W,,DIXIE,AVE,37.73912796,-85.88933517,20.29,1/2/2024 0:00,1354,2,2,0,0,CLOUDY,DRY,0,REAR END IN TRAFFIC LANES BOTH VEHICLES MOVING,REAR END,STRAIGHT & LEVEL,DAYLIGHT,After,2024
32778610,HARDIN,US0031W,,DIXIE,AVE,37.73674082,-85.88818823,20.158,12/29/2023 0:00,1224,3,3,0,0,CLOUDY,WET,1,OTHER ROADWAY OR MID-BLOCK COLLISION,REAR END,STRAIGHT & LEVEL,DAYLIGHT,After,2023
32719708,HARDIN,US0031W,,DIXIE,AVE,37.73886121,-85.88922144,20.273,12/28/2023 0:00,1139,2,2,0,0,CLEAR,DRY,0,OTHER ROADWAY OR MID-BLOCK COLLISION,REAR END,STRAIGHT & LEVEL,DAYLIGHT,After,2023
32724464,HARDIN,US0031W,,DIXIE,AVE,37.73027226,-85.88526844,19.638,12/22/2023 0:00,1535,2,1,0,0,CLOUDY,DRY,0,OTHER ROADWAY OR MID-BLOCK COLLISION,REAR END,STRAIGHT & LEVEL,DAYLIGHT,After,2023
32724509,HARDIN,US0031W,,DIXIE,AVE,37.73248244,-85.8863355,19.803,12/22/2023 0:00,1451,2,1,0,0,CLOUDY,DRY,0,OTHER ROADWAY OR MID-BLOCK COLLISION,REAR END,STRAIGHT & LEVEL,DAYLIGHT,After,2023
32733459,HARDIN,US0031W,,DIXIE,AVE,37.73358116,-85.88685103,19.877,12/21/2023 0:00,1528,2,2,0,0,CLEAR,DRY,0,REAR END IN TRAFFIC LANES BOTH VEHICLES MOVING,REAR END,STRAIGHT & LEVEL,DAYLIGHT,After,2023
32692234,HARDIN,US0031W,,DIXIE,AVE,37.73099504,-85.8855981,19.691,12/20/2023 0:00,1418,3,3,0,0,CLEAR,DRY,0,REAR END IN TRAFFIC LANES BOTH VEHICLES MOVING,REAR END,STRAIGHT & LEVEL,DAYLIGHT,After,2023
32702037,HARDIN,US0031W,,DIXIE,AVE,37.72834,-85.88428431,19.494,12/18/2023 0:00,1919,1,1,0,0,CLOUDY,DRY,0,COLLISION WITH FIXED OBJECT NON - INTERSECTION - FIRST EVENT COLLISION 09 - 32 EXCLUDING 16,SINGLE VEHICLE,STRAIGHT & LEVEL,DARK-HWY LIGHTED/ON,After,2023
32630554,HARDIN,US0031W,,DIXIE,AVE,37.74532362,-85.89227122,20.735,12/16/2023 0:00,1422,2,2,0,0,CLEAR,DRY,0,SIDESWIPE COLLISION - SAME DIRECTION,SIDESWIPE-SAME DIRECTION,STRAIGHT & GRADE,DAYLIGHT,After,2023
32630556,HARDIN,US0031W,,DIXIE,AVE,37.74112692,-85.89035931,20.421,12/12/2023 0:00,1807,2,2,0,0,CLEAR,DRY,0,REAR END IN TRAFFIC LANES BOTH VEHICLES MOVING,REAR END,STRAIGHT & LEVEL,DARK-HWY LIGHTED/ON,After,2023