IncidentID,County,RdwyNumber,Street,RoadwayName,StreetSfx,Latitude,Longitude,Milepoint,CollisionDate,CollisionTime,UnitsInvolved,MotorVehiclesInvolved,NumberKilled,NumberInjured,Weather,RdwyConditionCode,HitandRun,DirAnalysisCode,MannerofCollision,RdwyCharacter,LightCondition,Before_After_Construction,CollisionYear
32647859,HARDIN,US0031W,,DIXIE,AVE,37.74341284,-85.89145666,20.572,12/9/2023 0:00,1348,2,2,0,0,CLOUDY,WET,0,REAR END IN TRAFFIC LANES BOTH VEHICLES MOVING,REAR END,STRAIGHT & LEVEL,DAYLIGHT,After,2023
32586272,HARDIN,US0031W,,DIXIE,AVE,37.73741361,-85.88851189,20.19,12/8/2023 0:00,1307,2,2,0,0,CLOUDY,DRY,0,SIDESWIPE COLLISION - SAME DIRECTION,SIDESWIPE-SAME DIRECTION,STRAIGHT & LEVEL,DAYLIGHT,After,2023
32566163,HARDIN,US0031W,,DIXIE,AVE,37.74139013,-85.89071125,20.451,12/7/2023 0:00,1917,2,2,0,2,CLEAR,DRY,0,OTHER ROADWAY OR MID-BLOCK COLLISION,REAR END,STRAIGHT & LEVEL,DARK-HWY NOT LIGHTED,After,2023
32652078,HARDIN,US0031W,,DIXIE,AVE,37.73344622,-85.88679596,19.868,12/7/2023 0:00,1746,3,3,0,0,CLEAR,DRY,1,REAR END IN TRAFFIC LANES BOTH VEHICLES MOVING,REAR END,STRAIGHT & LEVEL,DARK-HWY LIGHTED/ON,After,2023
32733455,HARDIN,US0031W,,DIXIE,AVE,37.73361458,-85.88688901,19.88,12/7/2023 0:00,1459,2,2,0,1,CLEAR,DRY,0,REAR END IN TRAFFIC LANES BOTH VEHICLES MOVING,REAR END,STRAIGHT & LEVEL,DARK-HWY NOT LIGHTED,After,2023
32652079,HARDIN,US0031W,,DIXIE,AVE,37.73260088,-85.88613257,19.804,12/5/2023 0:00,1658,2,2,0,0,CLEAR,DRY,0,OTHER INTERSECTION COLLISIONS,REAR END,STRAIGHT & LEVEL,DAYLIGHT,After,2023
32534922,HARDIN,US0031W,,DIXIE,AVE,37.72929959,-85.88441812,19.553,12/2/2023 0:00,1025,2,2,0,0,CLEAR,DRY,0,1 VEHICLE ENTERING/LEAVING ENTRANCE,ANGLE,STRAIGHT & LEVEL,DAYLIGHT,After,2023
32733495,HARDIN,US0031W,,DIXIE,AVE,37.72934567,-85.88441414,19.562,12/1/2023 0:00,1924,2,2,0,4,CLEAR,DRY,0,REAR END IN TRAFFIC LANES BOTH VEHICLES MOVING,REAR END,STRAIGHT & LEVEL,DARK-HWY NOT LIGHTED,After,2023
32733454,HARDIN,US0031W,,DIXIE,AVE,37.72853664,-85.88411103,19.496,11/29/2023 0:00,1038,2,2,0,0,CLEAR,DRY,0,OTHER INTERSECTION COLLISIONS,REAR END,STRAIGHT & LEVEL,DAYLIGHT,After,2023
32517981,HARDIN,US0031W,,DIXIE,AVE,37.73437716,-85.88738648,19.961,11/28/2023 0:00,1249,2,2,0,0,CLEAR,DRY,0,OTHER ROADWAY OR MID-BLOCK COLLISION,REAR END,STRAIGHT & LEVEL,DAYLIGHT,After,2023
32534903,HARDIN,US0031W,,DIXIE,AVE,37.73432977,-85.88725118,19.952,11/27/2023 0:00,1539,2,2,0,0,CLEAR,DRY,0,REAR END IN TRAFFIC LANES BOTH VEHICLES MOVING,REAR END,STRAIGHT & LEVEL,DAYLIGHT,After,2023
32517972,HARDIN,US0031W,,DIXIE,AVE,37.74036674,-85.89001653,20.372,11/27/2023 0:00,1335,3,3,0,0,CLEAR,DRY,1,REAR END IN TRAFFIC LANES BOTH VEHICLES MOVING,REAR END,STRAIGHT & LEVEL,DAYLIGHT,After,2023
32534900,HARDIN,US0031W,,DIXIE,AVE,37.73983978,-85.88972776,20.337,11/26/2023 0:00,1238,2,2,0,0,RAINING,WET,0,REAR END IN TRAFFIC LANES BOTH VEHICLES MOVING,REAR END,STRAIGHT & LEVEL,DARK-HWY LIGHTED/OFF,After,2023
32534889,HARDIN,US0031W,,DIXIE,AVE,37.72818349,-85.8841926,19.482,11/26/2023 0:00,2019,2,2,0,0,RAINING,WET,0,SIDESWIPE-SAME DIRECTION,SIDESWIPE-SAME DIRECTION,STRAIGHT & LEVEL,DARK-HWY LIGHTED/ON,After,2023
32534908,HARDIN,US0031W,,DIXIE,AVE,37.73399219,-85.88714233,19.872,11/25/2023 0:00,725,2,2,0,0,CLEAR,DRY,0,ANGLE COLLISION - OTHER,ANGLE,STRAIGHT & LEVEL,DAWN,After,2023
32534881,HARDIN,US0031W,,DIXIE,AVE,37.73255065,-85.88611669,19.802,11/19/2023 0:00,1910,2,2,0,0,CLEAR,DRY,1,ANGLE COLLISION - OTHER,ANGLE,STRAIGHT & LEVEL,DAYLIGHT,After,2023
32487549,HARDIN,US0031W,,DIXIE,AVE,37.72910779,-85.8843428,19.539,11/17/2023 0:00,1318,2,2,0,0,RAINING,WET,0,OTHER ROADWAY OR MID-BLOCK COLLISION,REAR END,STRAIGHT & LEVEL,DAYLIGHT,After,2023
32534874,HARDIN,US0031W,1629,DIXIE,AVE,37.7316968,-85.88570482,19.738,11/16/2023 0:00,1356,3,3,0,0,CLEAR,DRY,0,OTHER ROADWAY OR MID-BLOCK COLLISION,REAR END,STRAIGHT & LEVEL,DAYLIGHT,After,2023
32511229,HARDIN,US0031W,,DIXIE,AVE,37.73972267,-85.88967855,20.329,11/16/2023 0:00,1803,2,2,0,0,CLEAR,DRY,0,OTHER ROADWAY OR MID-BLOCK COLLISION,REAR END,STRAIGHT & LEVEL,DARK (UNKNOWN ROADWAY LIGHTING),After,2023
32505550,HARDIN,US0031W,,DIXIE,AVE,37.73752039,-85.88862354,20.196,11/14/2023 0:00,1823,2,2,0,0,CLEAR,DRY,0,1 VEHICLE ENTERING/LEAVING ENTRANCE,ANGLE,STRAIGHT & LEVEL,DARK-HWY LIGHTED/ON,After,2023
32446859,HARDIN,US0031W,,DIXIE,AVE,37.73535368,-85.88776225,20.06,11/11/2023 0:00,1724,3,3,0,0,CLEAR,DRY,0,OTHER ROADWAY OR MID-BLOCK COLLISION,REAR END,STRAIGHT & LEVEL,DUSK,After,2023
32487963,HARDIN,US0031W,,DIXIE,AVE,37.7362384,-85.88820679,20.135,11/9/2023 0:00,1550,2,2,0,0,CLOUDY,DRY,0,1 VEHICLE ENTERING/LEAVING ENTRANCE,ANGLE,STRAIGHT & LEVEL,DAYLIGHT,After,2023
32505363,HARDIN,US0031W,,DIXIE,AVE,37.7300014,-85.88511199,19.617,11/8/2023 0:00,2220,2,2,0,0,CLEAR,DRY,1,SIDESWIPE COLLISION - SAME DIRECTION,SIDESWIPE-SAME DIRECTION,STRAIGHT & LEVEL,DARK-HWY LIGHTED/ON,After,2023
32511210,HARDIN,US0031W,,DIXIE,AVE,37.74130974,-85.89043377,20.432,11/3/2023 0:00,1818,2,2,0,1,CLEAR,DRY,0,ANGLE COLLISION - OTHER,ANGLE,STRAIGHT & LEVEL,DAYLIGHT,After,2023
32505546,HARDIN,US0031W,,DIXIE,AVE,37.73592152,-85.88778497,20.103,10/30/2023 0:00,1629,2,2,0,0,CLOUDY,DRY,0,REAR END IN TRAFFIC LANES BOTH VEHICLES MOVING,REAR END,CURVE & LEVEL,DAYLIGHT,After,2023
32420919,HARDIN,US0031W,,DIXIE,AVE,37.73376249,-85.8867086,19.886,10/23/2023 0:00,829,2,1,0,0,CLEAR,DRY,0,REAR END IN TRAFFIC LANES BOTH VEHICLES MOVING,REAR END,STRAIGHT & GRADE,DAYLIGHT,After,2023
32420461,HARDIN,US0031W,,DIXIE,AVE,37.74690391,-85.89299405,20.855,10/22/2023 0:00,1723,2,2,0,0,CLOUDY,DRY,0,SIDESWIPE COLLISION - SAME DIRECTION,SIDESWIPE-SAME DIRECTION,STRAIGHT & LEVEL,DAYLIGHT,After,2023
32377832,HARDIN,US0031W,,DIXIE,AVE,37.72943882,-85.88460427,19.566,10/22/2023 0:00,1306,2,2,0,0,CLEAR,DRY,0,REAR END IN TRAFFIC LANES BOTH VEHICLES MOVING,REAR END,STRAIGHT & LEVEL,DAYLIGHT,After,2023
32420438,HARDIN,US0031W,,DIXIE,AVE,37.73485885,-85.88723418,19.999,10/21/2023 0:00,1543,2,2,0,0,CLEAR,DRY,0,SIDESWIPE COLLISION - SAME DIRECTION,SIDESWIPE-SAME DIRECTION,STRAIGHT & LEVEL,DAYLIGHT,After,2023
32354460,HARDIN,US0031W,,DIXIE,AVE,37.73106011,-85.88540857,19.714,10/15/2023 0:00,1357,2,2,0,0,CLOUDY,DRY,0,SIDESWIPE-SAME DIRECTION,SIDESWIPE-SAME DIRECTION,STRAIGHT & LEVEL,DAYLIGHT,After,2023
32367355,HARDIN,US0031W,,DIXIE,AVE,37.73248664,-85.88633646,19.803,10/13/2023 0:00,1432,2,2,0,0,CLEAR,DRY,0,REAR END - ONE VEHICLE TURNING LEFT,REAR END,CURVE & LEVEL,DAYLIGHT,After,2023
32335106,HARDIN,US0031W,,DIXIE,AVE,37.74363753,-85.89155904,20.61,10/11/2023 0:00,1100,2,2,0,3,CLEAR,DRY,0,REAR END IN TRAFFIC LANES BOTH VEHICLES MOVING,REAR END,STRAIGHT & LEVEL,DAYLIGHT,After,2023
32335077,HARDIN,US0031W,,DIXIE,AVE,37.73179757,-85.88571149,19.745,10/10/2023 0:00,833,2,2,0,0,CLEAR,DRY,0,SIDESWIPE COLLISION - SAME DIRECTION,SIDESWIPE-SAME DIRECTION,STRAIGHT & LEVEL,DAYLIGHT,After,2023
32367324,HARDIN,US0031W,,DIXIE,AVE,37.73408764,-85.88686392,19.899,10/5/2023 0:00,1741,2,2,0,0,RAINING,WET,1,ANGLE COLLISION - OTHER,ANGLE,STRAIGHT & LEVEL,DAYLIGHT,After,2023
32505515,HARDIN,US0031W,,DIXIE,AVE,37.74093002,-85.89023095,20.407,9/30/2023 0:00,2009,3,3,0,0,CLEAR,DRY,0,REAR END IN TRAFFIC LANES BOTH VEHICLES MOVING,REAR END,STRAIGHT & LEVEL,DARK-HWY LIGHTED/ON,After,2023
32367365,HARDIN,US0031W,,DIXIE,AVE,37.73787015,-85.88930563,20.211,9/29/2023 0:00,1603,2,2,0,0,CLEAR,DRY,0,SIDESWIPE-SAME DIRECTION,SIDESWIPE-SAME DIRECTION,STRAIGHT & LEVEL,DAYLIGHT,After,2023
32367311,HARDIN,US0031W,,DIXIE,AVE,37.73955776,-85.88959469,20.319,9/28/2023 0:00,1434,2,2,0,0,CLEAR,DRY,0,REAR END IN TRAFFIC LANES BOTH VEHICLES MOVING,REAR END,STRAIGHT & LEVEL,DAYLIGHT,After,2023
32356836,HARDIN,US0031W,,DIXIE,AVE,37.7380208,-85.88896516,20.216,9/26/2023 0:00,1803,2,2,0,1,CLEAR,DRY,0,ANGLE COLLISION - ONE VEHICLE TURNING LEFT,ANGLE,STRAIGHT & LEVEL,DAYLIGHT,After,2023
32367372,HARDIN,US0031W,,DIXIE,AVE,37.73269604,-85.88644891,19.808,9/24/2023 0:00,1534,2,2,0,0,CLEAR,DRY,0,OTHER INTERSECTION COLLISIONS,REAR END,STRAIGHT & LEVEL,DAYLIGHT,After,2023
32353319,HARDIN,US0031W,,DIXIE,AVE,37.73449431,-85.88720528,19.866,9/18/2023 0:00,1720,2,2,0,0,CLEAR,DRY,0,OTHER INTERSECTION COLLISIONS,REAR END,STRAIGHT & LEVEL,DAYLIGHT,After,2023
32224158,HARDIN,US0031W,,DIXIE,AVE,37.72829665,-85.88399436,19.478,9/16/2023 0:00,2143,2,2,0,0,CLEAR,DRY,0,OPPOSING LEFT TURN,OPPOSING LEFT TURN,STRAIGHT & LEVEL,DARK-HWY LIGHTED/ON,After,2023
32169067,HARDIN,US0031W,,DIXIE,AVE,37.74167392,-85.89085095,20.473,9/8/2023 0:00,1124,3,3,0,0,CLEAR,DRY,1,OTHER ROADWAY OR MID-BLOCK COLLISION,REAR END,STRAIGHT & LEVEL,DAYLIGHT,After,2023
32169057,HARDIN,US0031W,,DIXIE,AVE,37.73953153,-85.88984091,20.325,9/8/2023 0:00,745,2,2,0,0,CLEAR,DRY,0,SIDESWIPE COLLISION - SAME DIRECTION,SIDESWIPE-SAME DIRECTION,STRAIGHT & GRADE,DAYLIGHT,After,2023
32169063,HARDIN,US0031W,,DIXIE,AVE,37.7282923,-85.88398955,19.478,9/8/2023 0:00,1305,2,2,0,0,CLEAR,DRY,0,SIDESWIPE-SAME DIRECTION,SIDESWIPE-SAME DIRECTION,STRAIGHT & LEVEL,DAYLIGHT,After,2023
32367361,HARDIN,US0031W,,DIXIE,AVE,37.7314283,-85.88557088,19.718,9/7/2023 0:00,1815,2,2,0,0,CLEAR,DRY,0,REAR END IN TRAFFIC LANES BOTH VEHICLES MOVING,REAR END,STRAIGHT & LEVEL,DAYLIGHT,After,2023
32180965,HARDIN,US0031W,,DIXIE,AVE,37.73414155,-85.88716077,19.933,9/6/2023 0:00,1325,2,2,0,0,RAINING,WET,0,OTHER ROADWAY OR MID-BLOCK COLLISION,REAR END,STRAIGHT & GRADE,DAYLIGHT,After,2023
32180930,HARDIN,US0031W,,DIXIE,AVE,37.73114885,-85.88563612,19.714,9/6/2023 0:00,1045,3,3,0,1,CLEAR,DRY,0,1 VEHICLE ENTERING/LEAVING ENTRANCE,ANGLE,STRAIGHT & LEVEL,DAYLIGHT,After,2023
32353324,HARDIN,US0031W,,DIXIE,AVE,37.74097849,-85.89026284,20.411,9/2/2023 0:00,2037,2,2,0,0,CLEAR,DRY,0,OTHER INTERSECTION COLLISIONS,REAR END,STRAIGHT & LEVEL,DUSK,After,2023
32127965,HARDIN,US0031W,,DIXIE,AVE,37.73205071,-85.88621198,19.772,9/1/2023 0:00,1218,3,3,0,1,CLEAR,DRY,0,REAR END IN TRAFFIC LANES BOTH VEHICLES MOVING,REAR END,STRAIGHT & LEVEL,DAYLIGHT,After,2023
32160478,HARDIN,US0031W,,DIXIE,AVE,37.73632893,-85.88823481,20.14,9/1/2023 0:00,912,2,2,0,0,CLEAR,DRY,0,SIDESWIPE-SAME DIRECTION,SIDESWIPE-SAME DIRECTION,STRAIGHT & LEVEL,DAYLIGHT,After,2023
32174639,HARDIN,US0031W,3358-BLK,DIXIE,AVE,37.74455966,-85.89191302,20.677,8/31/2023 0:00,1550,2,2,0,1,CLEAR,DRY,0,REAR END IN TRAFFIC LANES BOTH VEHICLES MOVING,REAR END,STRAIGHT & GRADE,DAYLIGHT,After,2023
32105186,HARDIN,US0031W,,DIXIE,AVE,37.72853308,-85.88438669,19.508,8/27/2023 0:00,1458,2,2,0,0,CLOUDY,DRY,0,REAR END IN TRAFFIC LANES BOTH VEHICLES MOVING,REAR END,STRAIGHT & LEVEL,DAYLIGHT,After,2023
32180998,HARDIN,US0031W,,DIXIE,AVE,37.74078259,-85.89019868,20.398,8/18/2023 0:00,1750,2,2,0,0,CLEAR,DRY,0,REAR END IN TRAFFIC LANES BOTH VEHICLES MOVING,REAR END,STRAIGHT & LEVEL,DAYLIGHT,After,2023
32181082,HARDIN,US0031W,,DIXIE,AVE,37.73850437,-85.88906052,20.25,8/10/2023 0:00,855,2,2,0,0,CLOUDY,DRY,0,SIDESWIPE COLLISION - SAME DIRECTION,SIDESWIPE-SAME DIRECTION,STRAIGHT & LEVEL,DAYLIGHT,After,2023
32180864,HARDIN,US0031W,,DIXIE,AVE,37.73413891,-85.8871235,19.932,8/8/2023 0:00,1132,2,2,0,0,CLEAR,DRY,0,OTHER ROADWAY OR MID-BLOCK COLLISION,REAR END,STRAIGHT & LEVEL,DAYLIGHT,After,2023
32180941,HARDIN,US0031W,,DIXIE,AVE,37.73718039,-85.88837987,20.179,8/7/2023 0:00,1401,2,2,0,0,CLEAR,DRY,0,REAR END IN TRAFFIC LANES BOTH VEHICLES MOVING,REAR END,STRAIGHT & LEVEL,DAYLIGHT,After,2023
32008772,HARDIN,US0031W,,DIXIE,AVE,37.73319658,-85.88669192,19.852,8/3/2023 0:00,1624,2,2,0,0,CLEAR,DRY,0,REAR END IN TRAFFIC LANES BOTH VEHICLES MOVING,REAR END,STRAIGHT & LEVEL,DAYLIGHT,After,2023
32183484,HARDIN,US0031W,,DIXIE,AVE,37.73131299,-85.88547406,19.709,8/2/2023 0:00,2253,2,2,0,0,CLEAR,DRY,0,SIDESWIPE-SAME DIRECTION,SIDESWIPE-SAME DIRECTION,STRAIGHT & LEVEL,DARK-HWY LIGHTED/ON,After,2023
31994508,HARDIN,US0031W,,DIXIE,AVE,37.73171766,-85.88595214,19.745,8/1/2023 0:00,1723,2,2,0,0,CLEAR,DRY,0,OTHER ROADWAY OR MID-BLOCK COLLISION,REAR END,STRAIGHT & LEVEL,DAYLIGHT,After,2023
31994505,HARDIN,US0031W,,DIXIE,AVE,37.73080579,-85.88548198,19.676,7/31/2023 0:00,1600,2,2,0,0,CLEAR,DRY,0,SIDESWIPE COLLISION - SAME DIRECTION,SIDESWIPE-SAME DIRECTION,STRAIGHT & LEVEL,DAYLIGHT,After,2023
32021459,HARDIN,US0031W,,DIXIE,AVE,37.7282661,-85.88424595,19.488,7/30/2023 0:00,2341,2,2,0,0,CLEAR,DRY,0,REAR END IN TRAFFIC LANES BOTH VEHICLES MOVING,REAR END,STRAIGHT & LEVEL,DARK-HWY LIGHTED/ON,After,2023
31994506,HARDIN,US0031W,,DIXIE,AVE,37.74345409,-85.89149857,20.569,7/27/2023 0:00,1720,2,2,0,0,CLEAR,DRY,0,SIDESWIPE COLLISION - SAME DIRECTION,SIDESWIPE-SAME DIRECTION,STRAIGHT & GRADE,DAYLIGHT,After,2023
32180986,HARDIN,US0031W,,DIXIE,AVE,37.73131668,-85.88576354,19.715,7/26/2023 0:00,1300,2,2,0,0,CLEAR,DRY,1,VEHICLE BACKING NON INTERSECTION,BACKING,STRAIGHT & LEVEL,DAYLIGHT,After,2023
32181490,HARDIN,US0031W,,DIXIE,AVE,37.73059963,-85.88539684,19.661,7/24/2023 0:00,803,2,2,0,0,CLOUDY,DRY,0,REAR END IN TRAFFIC LANES BOTH VEHICLES MOVING,REAR END,STRAIGHT & LEVEL,DAYLIGHT,After,2023
32181540,HARDIN,US0031W,,DIXIE,AVE,37.73430705,-85.8872971,19.952,7/22/2023 0:00,1353,2,2,0,0,CLEAR,DRY,0,OTHER INTERSECTION COLLISIONS,REAR END,STRAIGHT & LEVEL,DAYLIGHT,After,2023
32181621,HARDIN,US0031W,,DIXIE,AVE,37.73651885,-85.8883332,20.15,7/14/2023 0:00,1424,2,2,0,0,CLEAR,DRY,0,1 VEHICLE ENTERING/LEAVING ENTRANCE,ANGLE,STRAIGHT & LEVEL,DAYLIGHT,After,2023
31920336,HARDIN,US0031W,,DIXIE,AVE,37.73449737,-85.8873422,19.97,7/13/2023 0:00,1258,2,2,0,0,CLEAR,DRY,0,1 VEHICLE ENTERING/LEAVING ENTRANCE,ANGLE,STRAIGHT & LEVEL,DAYLIGHT,After,2023
31935680,HARDIN,US0031W,,DIXIE,AVE,37.730297,-85.88525663,19.639,7/7/2023 0:00,1125,2,1,0,0,CLEAR,DRY,0,OTHER ROADWAY OR MID-BLOCK COLLISION,REAR END,STRAIGHT & LEVEL,DAYLIGHT,After,2023
31950559,HARDIN,US0031W,,DIXIE,AVE,37.73291676,-85.88654844,19.833,7/7/2023 0:00,1318,1,1,0,1,CLEAR,DRY,0,OCCUPANT FELL FROM MOVING VEHICLE,SINGLE VEHICLE,STRAIGHT & LEVEL,DAYLIGHT,After,2023
32181595,HARDIN,US0031W,,DIXIE,AVE,37.74559845,-85.89269241,20.761,7/7/2023 0:00,1201,2,2,0,0,CLEAR,DRY,0,SIDESWIPE COLLISION - SAME DIRECTION,SIDESWIPE-SAME DIRECTION,STRAIGHT & LEVEL,DAYLIGHT,After,2023
31889577,HARDIN,US0031W,,DIXIE,AVE,37.73141062,-85.88580754,19.689,7/5/2023 0:00,1432,2,2,0,0,CLEAR,DRY,0,REAR END IN TRAFFIC LANES BOTH VEHICLES MOVING,REAR END,STRAIGHT & LEVEL,DAYLIGHT,After,2023
31889568,HARDIN,US0031W,,DIXIE,AVE,37.73367109,-85.88672215,19.88,6/29/2023 0:00,1352,2,2,0,0,CLOUDY,WET,0,SIDESWIPE COLLISION - SAME DIRECTION,SIDESWIPE-SAME DIRECTION,STRAIGHT & LEVEL,DAYLIGHT,After,2023
31870745,HARDIN,US0031W,,DIXIE,AVE,37.73632039,-85.88827905,20.139,6/24/2023 0:00,1457,2,1,0,0,CLEAR,DRY,0,OTHER INTERSECTION COLLISIONS,REAR END,STRAIGHT & LEVEL,DAYLIGHT,After,2023
31920806,HARDIN,US0031W,,DIXIE,AVE,37.74250765,-85.89127954,20.535,6/18/2023 0:00,2204,2,1,1,0,CLOUDY,DRY,0,COLLISION WITH PEDESTRIAN NON - INTERSECTION,SINGLE VEHICLE,STRAIGHT & LEVEL,DARK-HWY LIGHTED/ON,After,2023
31807907,HARDIN,US0031W,,DIXIE,AVE,37.74275772,-85.89135262,20.553,6/17/2023 0:00,1324,3,3,0,0,CLEAR,DRY,0,REAR END IN TRAFFIC LANES BOTH VEHICLES MOVING,REAR END,STRAIGHT & LEVEL,DAYLIGHT,After,2023
31789375,HARDIN,US0031W,,DIXIE,AVE,37.74281014,-85.89112557,20.546,6/17/2023 0:00,1526,2,2,0,0,CLEAR,DRY,0,SIDESWIPE COLLISION - SAME DIRECTION,SIDESWIPE-SAME DIRECTION,STRAIGHT & LEVEL,DAYLIGHT,After,2023
31789366,HARDIN,US0031W,,DIXIE,AVE,37.74044007,-85.89002195,20.376,6/16/2023 0:00,1007,3,3,0,0,CLEAR,DRY,0,OTHER ROADWAY OR MID-BLOCK COLLISION,REAR END,STRAIGHT & LEVEL,DAYLIGHT,After,2023
31789324,HARDIN,US0031W,,DIXIE,AVE,37.73445037,-85.88730855,19.965,6/7/2023 0:00,1350,2,2,0,0,RAINING,WET,0,REAR END IN TRAFFIC LANES BOTH VEHICLES MOVING,REAR END,STRAIGHT & LEVEL,DAYLIGHT,After,2023
31743978,HARDIN,US0031W,,DIXIE,AVE,37.73386925,-85.88703677,19.897,6/3/2023 0:00,530,1,1,0,0,CLEAR,DRY,0,COLLISION WITH FIXED OBJECT IN INTERSECTION - FIRST EVENT COLLISION 09 - 32,SINGLE VEHICLE,STRAIGHT & LEVEL,DAWN,After,2023
31738064,HARDIN,US0031W,,DIXIE,AVE,37.73412828,-85.88689239,19.924,5/25/2023 0:00,635,2,1,0,1,CLOUDY,DRY,0,ANGLE COLLISION - OTHER,ANGLE,STRAIGHT & LEVEL,DAYLIGHT,After,2023
31781539,HARDIN,US0031W,,DIXIE,AVE,37.72829083,-85.88400288,19.478,5/16/2023 0:00,223,2,2,0,0,RAINING,WET,0,OTHER INTERSECTION COLLISIONS,REAR END,STRAIGHT & LEVEL,DAYLIGHT,After,2023
31641461,HARDIN,US0031W,,DIXIE,AVE,37.7434871,-85.89143867,20.597,5/15/2023 0:00,1700,2,2,0,0,CLEAR,DRY,0,REAR END IN TRAFFIC LANES BOTH VEHICLES MOVING,REAR END,STRAIGHT & GRADE,DAYLIGHT,After,2023
31690510,HARDIN,US0031W,,DIXIE,AVE,37.73912113,-85.88933601,20.289,5/14/2023 0:00,1023,2,1,0,0,CLOUDY,DRY,0,OTHER ROADWAY OR MID-BLOCK COLLISION,REAR END,STRAIGHT & GRADE,DAYLIGHT,After,2023
31632122,HARDIN,US0031W,,DIXIE,AVE,37.73123458,-85.88545369,19.705,5/2/2023 0:00,1301,2,2,0,0,CLEAR,DRY,0,OTHER INTERSECTION COLLISIONS,REAR END,STRAIGHT & LEVEL,DAYLIGHT,After,2023
31594209,HARDIN,US0031W,,DIXIE,AVE,37.73139082,-85.88579699,19.72,4/29/2023 0:00,2140,2,2,0,0,CLEAR,DRY,0,REAR END IN TRAFFIC LANES BOTH VEHICLES MOVING,REAR END,STRAIGHT & LEVEL,DARK-HWY LIGHTED/ON,After,2023
31566347,HARDIN,US0031W,,DIXIE,AVE,37.73936738,-85.88945944,20.306,4/27/2023 0:00,1807,2,2,0,0,CLOUDY,DRY,0,OTHER ROADWAY OR MID-BLOCK COLLISION,REAR END,STRAIGHT & LEVEL,DAYLIGHT,After,2023
31789332,HARDIN,US0031W,,DIXIE,AVE,37.7333262,-85.88671385,19.859,4/26/2023 0:00,1631,2,2,0,1,CLEAR,DRY,0,SIDESWIPE COLLISION - SAME DIRECTION,SIDESWIPE-SAME DIRECTION,STRAIGHT & LEVEL,DAYLIGHT,After,2023
31585817,HARDIN,US0031W,,DIXIE,AVE,37.7362685,-85.8882181,20.137,4/25/2023 0:00,1148,2,2,0,0,CLEAR,DRY,0,SIDESWIPE COLLISION - SAME DIRECTION,SIDESWIPE-SAME DIRECTION,STRAIGHT & LEVEL,DAYLIGHT,After,2023
31675025,HARDIN,US0031W,,DIXIE,AVE,37.74081412,-85.89023126,20.401,4/25/2023 0:00,2110,2,2,0,0,CLEAR,DRY,0,REAR END IN TRAFFIC LANES BOTH VEHICLES MOVING,REAR END,STRAIGHT & LEVEL,DARK-HWY LIGHTED/ON,After,2023
31566744,HARDIN,US0031W,,DIXIE,AVE,37.74114225,-85.89035341,20.421,4/18/2023 0:00,1623,2,2,0,0,CLEAR,DRY,0,REAR END IN TRAFFIC LANES BOTH VEHICLES MOVING,REAR END,STRAIGHT & LEVEL,DAYLIGHT,After,2023
31641407,HARDIN,US0031W,,DIXIE,AVE,37.74322242,-85.89155847,20.57,4/15/2023 0:00,1208,2,2,0,0,CLEAR,DRY,0,SIDESWIPE-SAME DIRECTION,SIDESWIPE-SAME DIRECTION,STRAIGHT & LEVEL,DAYLIGHT,After,2023
31566742,HARDIN,US0031W,,DIXIE,AVE,37.74112104,-85.89034743,20.42,4/11/2023 0:00,1351,2,2,0,0,CLEAR,DRY,0,OTHER ROADWAY OR MID-BLOCK COLLISION,REAR END,STRAIGHT & LEVEL,DAYLIGHT,After,2023
31486455,HARDIN,US0031W,,DIXIE,AVE,37.72890343,-85.88434089,19.525,4/5/2023 0:00,1323,2,2,0,0,CLEAR,DRY,0,OTHER ROADWAY OR MID-BLOCK COLLISION,REAR END,STRAIGHT & LEVEL,DAYLIGHT,After,2023
31486350,HARDIN,US0031W,,DIXIE,AVE,37.7334976,-85.8866194,19.868,4/3/2023 0:00,1105,2,2,0,0,CLOUDY,DRY,0,SIDESWIPE COLLISION - SAME DIRECTION,SIDESWIPE-SAME DIRECTION,STRAIGHT & LEVEL,DAYLIGHT,After,2023
31486405,HARDIN,US0031W,,DIXIE,AVE,37.73957733,-85.88962383,20.32,3/28/2023 0:00,1430,3,3,0,1,CLEAR,DRY,0,OTHER ROADWAY OR MID-BLOCK COLLISION,REAR END,STRAIGHT & LEVEL,DAYLIGHT,After,2023
31441937,HARDIN,US0031W,,DIXIE,AVE,37.74135275,-85.89070398,20.449,3/25/2023 0:00,1120,2,2,0,0,CLEAR,DRY,1,SIDESWIPE COLLISION - SAME DIRECTION,SIDESWIPE-SAME DIRECTION,STRAIGHT & LEVEL,DAYLIGHT,After,2023