IncidentID,County,RdwyNumber,Street,RoadwayName,StreetSfx,Latitude,Longitude,Milepoint,CollisionDate,CollisionTime,UnitsInvolved,MotorVehiclesInvolved,NumberKilled,NumberInjured,Weather,RdwyConditionCode,HitandRun,DirAnalysisCode,MannerofCollision,RdwyCharacter,LightCondition,Before_After_Construction,CollisionYear
29693874,HARDIN,US0031W,,DIXIE,AVE,37.73095529,-85.88526781,19.681,2/10/2022 0:00,1047,2,2,0,0,CLEAR,DRY,0,SIDESWIPE COLLISION - SAME DIRECTION,SIDESWIPE-SAME DIRECTION,STRAIGHT & LEVEL,DAYLIGHT,After,2022
29688026,HARDIN,US0031W,,DIXIE,AVE,37.73124457,-85.8854639,19.704,2/10/2022 0:00,1040,2,2,0,0,CLEAR,DRY,0,ANGLE COLLISION - ONE VEHICLE TURNING LEFT,ANGLE,STRAIGHT & LEVEL,DAYLIGHT,After,2022
29642462,HARDIN,US0031W,,DIXIE,AVE,37.73124565,-85.88546534,19.704,1/28/2022 0:00,1528,2,2,0,0,SNOWING,WET,0,OTHER INTERSECTION COLLISIONS,REAR END,STRAIGHT & LEVEL,DAYLIGHT,After,2022
29642443,HARDIN,US0031W,,DIXIE,AVE,37.7315182,-85.88584585,19.73,1/21/2022 0:00,2124,2,2,0,0,CLEAR,DRY,0,SIDESWIPE COLLISION - SAME DIRECTION,SIDESWIPE-SAME DIRECTION,STRAIGHT & LEVEL,DARK-HWY LIGHTED/ON,After,2022
29556018,HARDIN,US0031W,,DIXIE,AVE,37.7388951,-85.88964908,20.284,1/6/2022 0:00,1059,2,2,0,0,SNOWING,SNOW/SLUSH,1,SIDESWIPE COLLISION - SAME DIRECTION,SIDESWIPE-SAME DIRECTION,STRAIGHT & LEVEL,DAYLIGHT,After,2022
29532819,HARDIN,US0031W,,DIXIE,AVE,37.732326,-85.88599346,19.785,1/3/2022 0:00,1100,2,2,0,0,CLEAR,DRY,0,SIDESWIPE COLLISION - SAME DIRECTION,SIDESWIPE-SAME DIRECTION,STRAIGHT & LEVEL,DAYLIGHT,After,2022
29523177,HARDIN,US0031W,,DIXIE,AVE,37.72894846,-85.88437749,19.529,12/31/2021 0:00,1439,2,2,0,0,CLOUDY,DRY,0,SIDESWIPE COLLISION - SAME DIRECTION,SIDESWIPE-SAME DIRECTION,STRAIGHT & LEVEL,DAYLIGHT,After,2021
29510109,HARDIN,US0031W,,DIXIE,AVE,37.73189072,-85.88578751,19.753,12/23/2021 0:00,1310,2,2,0,0,CLEAR,DRY,0,1 VEHICLE ENTERING/LEAVING ENTRANCE,ANGLE,STRAIGHT & LEVEL,DAYLIGHT,After,2021
29496577,HARDIN,US0031W,,DIXIE,AVE,37.73461082,-85.88735266,19.981,12/21/2021 0:00,1432,2,2,0,1,CLEAR,DRY,0,REAR END IN TRAFFIC LANES BOTH VEHICLES MOVING,REAR END,STRAIGHT & LEVEL,DAYLIGHT,After,2021
29494582,HARDIN,US0031W,,DIXIE,AVE,37.73837836,-85.88900093,20.242,12/20/2021 0:00,1044,3,3,0,0,CLEAR,DRY,0,REAR END IN TRAFFIC LANES BOTH VEHICLES MOVING,REAR END,STRAIGHT & LEVEL,DAYLIGHT,After,2021
29496585,HARDIN,US0031W,,DIXIE,AVE,37.73136888,-85.8857724,19.718,12/17/2021 0:00,1349,2,2,0,0,CLOUDY,WET,1,REAR END IN TRAFFIC LANES BOTH VEHICLES MOVING,REAR END,STRAIGHT & LEVEL,DAYLIGHT,After,2021
29494593,HARDIN,US0031W,,DIXIE,AVE,37.7344149,-85.88704115,19.954,12/17/2021 0:00,1358,2,2,0,0,RAINING,WET,0,REAR END IN TRAFFIC LANES BOTH VEHICLES MOVING,REAR END,STRAIGHT & LEVEL,DAYLIGHT,After,2021
29496581,HARDIN,US0031W,,DIXIE,AVE,37.74176028,-85.89094738,20.48,12/14/2021 0:00,1209,2,2,0,0,CLOUDY,DRY,0,SIDESWIPE COLLISION - SAME DIRECTION,SIDESWIPE-SAME DIRECTION,STRAIGHT & LEVEL,DAYLIGHT,After,2021
29478827,HARDIN,US0031W,,DIXIE,AVE,37.74113844,-85.89056677,20.434,12/13/2021 0:00,2006,2,2,0,0,CLEAR,DRY,0,OPPOSING LEFT TURN,OPPOSING LEFT TURN,STRAIGHT & LEVEL,DARK-HWY LIGHTED/ON,After,2021
29416492,HARDIN,US0031W,,DIXIE,AVE,37.74644545,-85.89305628,20.825,12/12/2021 0:00,1504,2,2,0,0,CLEAR,DRY,1,SIDESWIPE COLLISION - SAME DIRECTION,SIDESWIPE-SAME DIRECTION,,DAYLIGHT,After,2021
29416488,HARDIN,US0031W,,DIXIE,AVE,37.7326435,-85.8861749,19.801,12/11/2021 0:00,1217,2,2,0,0,CLEAR,DRY,0,1 VEHICLE ENTERING/LEAVING ENTRANCE,ANGLE,STRAIGHT & LEVEL,DAYLIGHT,After,2021
29404114,HARDIN,US0031W,,DIXIE,AVE,37.72841326,-85.88429691,19.499,12/2/2021 0:00,2050,2,2,0,0,CLEAR,DRY,1,OTHER INTERSECTION COLLISIONS,REAR END,STRAIGHT & LEVEL,DARK-HWY LIGHTED/ON,After,2021
29357998,HARDIN,US0031W,,DIXIE,AVE,37.73086211,-85.88532265,19.676,11/23/2021 0:00,1523,3,3,0,0,CLEAR,DRY,0,REAR END IN TRAFFIC LANES BOTH VEHICLES MOVING,REAR END,STRAIGHT & LEVEL,DAYLIGHT,After,2021
29348772,HARDIN,US0031W,,DIXIE,AVE,37.73630452,-85.88797721,20.135,11/20/2021 0:00,1452,2,2,0,0,CLEAR,DRY,0,OTHER ROADWAY OR MID-BLOCK COLLISION,OPPOSING LEFT TURN,STRAIGHT & LEVEL,DAYLIGHT,After,2021
29340865,HARDIN,US0031W,,DIXIE,AVE,37.73465352,-85.88741496,19.986,11/20/2021 0:00,1000,2,2,0,0,CLEAR,DRY,0,OTHER ROADWAY OR MID-BLOCK COLLISION,REAR END,STRAIGHT & LEVEL,DAYLIGHT,After,2021
29333084,HARDIN,US0031W,,DIXIE,AVE,37.73406029,-85.8871189,19.924,11/18/2021 0:00,605,2,2,0,0,RAINING,WET,0,OPPOSING LEFT TURN,OPPOSING LEFT TURN,STRAIGHT & LEVEL,DARK-HWY LIGHTED/ON,After,2021
29333067,HARDIN,US0031W,,DIXIE,AVE,37.73771606,-85.88858005,20.203,11/11/2021 0:00,1958,2,2,0,0,CLOUDY,WET,0,SIDESWIPE COLLISION - SAME DIRECTION,SIDESWIPE-SAME DIRECTION,STRAIGHT & LEVEL,DARK-HWY LIGHTED/ON,After,2021
29316027,HARDIN,US0031W,,DIXIE,AVE,37.73798029,-85.88878864,20.217,11/10/2021 0:00,1225,2,2,0,0,CLEAR,DRY,0,SIDESWIPE COLLISION - OPPOSITE DIRECTION,SIDESWIPE-OPPOSITE DIRECTION,STRAIGHT & LEVEL,DAYLIGHT,After,2021
29246638,HARDIN,US0031W,,DIXIE,AVE,37.74256104,-85.89124639,20.538,11/5/2021 0:00,1754,2,2,0,0,CLEAR,DRY,0,OTHER ROADWAY OR MID-BLOCK COLLISION,REAR END,STRAIGHT & GRADE,DAYLIGHT,After,2021
29133645,HARDIN,US0031W,,DIXIE,AVE,37.7400971,-85.88960836,20.349,10/22/2021 0:00,1930,2,2,0,0,CLOUDY,DRY,0,OTHER ROADWAY OR MID-BLOCK COLLISION,REAR END,STRAIGHT & LEVEL,DARK-HWY NOT LIGHTED,After,2021
29303587,HARDIN,US0031W,,DIXIE,AVE,37.74576035,-85.8927547,20.786,10/20/2021 0:00,1400,2,2,0,0,CLEAR,DRY,0,OTHER INTERSECTION COLLISIONS,REAR END,STRAIGHT & GRADE,DAYLIGHT,After,2021
29133637,HARDIN,US0031W,,DIXIE,AVE,37.73004503,-85.88513352,19.62,10/14/2021 0:00,1938,2,2,0,0,CLEAR,DRY,0,OTHER ROADWAY OR MID-BLOCK COLLISION,REAR END,STRAIGHT & LEVEL,DARK (UNKNOWN ROADWAY LIGHTING),After,2021
29805987,HARDIN,US0031W,,DIXIE,AVE,37.72369664,-85.88203391,19.147,2/24/2022 0:00,1556,2,2,0,0,RAINING,WET,1,1 VEHICLE ENTERING/LEAVING ENTRANCE,ANGLE,,DAYLIGHT,Before,2022
29688037,HARDIN,US0031W,,DIXIE,AVE,37.72828654,-85.88425309,19.47,2/11/2022 0:00,850,2,2,0,0,CLEAR,DRY,0,SIDESWIPE-SAME DIRECTION,SIDESWIPE-SAME DIRECTION,STRAIGHT & LEVEL,DAYLIGHT,Before,2022
29688036,HARDIN,US0031W,,DIXIE,AVE,37.72196995,-85.88118351,19.021,2/10/2022 0:00,1921,2,2,0,0,CLEAR,DRY,0,REAR END IN TRAFFIC LANES BOTH VEHICLES MOVING,REAR END,STRAIGHT & LEVEL,DARK-HWY LIGHTED/ON,Before,2022
29691007,HARDIN,US0031W,,DIXIE,AVE,37.7272489,-85.8837441,19.405,2/5/2022 0:00,430,2,2,0,0,CLEAR,DRY,1,REAR END IN TRAFFIC LANES BOTH VEHICLES MOVING,REAR END,STRAIGHT & LEVEL,DARK-HWY LIGHTED/ON,Before,2022
29659102,HARDIN,US0031W,,DIXIE,AVE,37.72659152,-85.88316813,19.354,2/1/2022 0:00,1215,2,2,0,2,CLEAR,DRY,0,SIDESWIPE COLLISION - SAME DIRECTION,SIDESWIPE-SAME DIRECTION,STRAIGHT & LEVEL,DAYLIGHT,Before,2022
29805949,HARDIN,US0031W,,DIXIE,AVE,37.72803053,-85.88387714,19.459,1/19/2022 0:00,1317,3,3,0,0,CLOUDY,WET,0,OTHER ROADWAY OR MID-BLOCK COLLISION,REAR END,STRAIGHT & LEVEL,DAYLIGHT,Before,2022
29516545,HARDIN,US0031W,,DIXIE,AVE,37.71986388,-85.88010381,18.865,12/29/2021 0:00,1541,2,2,0,0,CLEAR,DRY,0,REAR END IN TRAFFIC LANES BOTH VEHICLES MOVING,REAR END,STRAIGHT & LEVEL,DAYLIGHT,Before,2021
29497982,HARDIN,US0031W,,DIXIE,AVE,37.72003017,-85.88025255,18.879,12/23/2021 0:00,1818,2,2,0,0,CLEAR,DRY,0,OTHER ROADWAY OR MID-BLOCK COLLISION,REAR END,STRAIGHT & LEVEL,DARK-HWY LIGHTED/ON,Before,2021
29497979,HARDIN,US0031W,,DIXIE,AVE,37.71928196,-85.87981658,18.827,12/23/2021 0:00,1818,2,2,0,1,CLEAR,DRY,0,ANGLE COLLISION - ONE VEHICLE TURNING LEFT,ANGLE,STRAIGHT & LEVEL,DAYLIGHT,Before,2021
29480448,HARDIN,US0031W,,DIXIE,AVE,37.72784036,-85.88411622,19.456,12/4/2021 0:00,1600,2,2,0,0,CLEAR,DRY,0,SIDESWIPE COLLISION - SAME DIRECTION,SIDESWIPE-SAME DIRECTION,STRAIGHT & LEVEL,DAYLIGHT,Before,2021
29387816,HARDIN,US0031W,,DIXIE,AVE,37.72670931,-85.88348323,19.366,11/24/2021 0:00,1337,2,1,0,0,CLEAR,DRY,0,1 VEHICLE ENTERING/LEAVING ENTRANCE,ANGLE,STRAIGHT & LEVEL,DAYLIGHT,Before,2021
29133659,HARDIN,US0031W,,DIXIE,AVE,37.71979701,-85.88007032,18.86,10/25/2021 0:00,2042,2,2,0,0,RAINING,WET,0,1 VEHICLE ENTERING/LEAVING ENTRANCE,ANGLE,STRAIGHT & LEVEL,DARK-HWY LIGHTED/ON,Before,2021
28804199,HARDIN,US0031W,,DIXIE,AVE,37.7256833,-85.88296781,19.292,10/6/2021 0:00,1408,2,2,0,0,CLOUDY,DRY,0,1 VEHICLE ENTERING/LEAVING ENTRANCE,ANGLE,STRAIGHT & LEVEL,DAYLIGHT,Before,2021
28787476,HARDIN,US0031W,,DIXIE,AVE,37.72829576,-85.883998,19.478,9/29/2021 0:00,1828,2,2,0,0,CLEAR,DRY,0,SIDESWIPE-SAME DIRECTION,SIDESWIPE-SAME DIRECTION,CURVE & GRADE,DAYLIGHT,Before,2021
28787486,HARDIN,US0031W,,DIXIE,AVE,37.72152169,-85.88097079,18.985,9/28/2021 0:00,2057,2,2,0,0,CLEAR,DRY,0,1 VEHICLE ENTERING/LEAVING ENTRANCE,ANGLE,STRAIGHT & LEVEL,DARK-HWY LIGHTED/ON,Before,2021
28706094,HARDIN,US0031W,,DIXIE,AVE,37.72786652,-85.88372918,19.446,9/24/2021 0:00,1238,2,2,0,0,CLEAR,DRY,0,SIDESWIPE COLLISION - SAME DIRECTION,SIDESWIPE-SAME DIRECTION,STRAIGHT & LEVEL,DAYLIGHT,Before,2021
28676606,HARDIN,US0031W,,DIXIE,AVE,37.7262556,-85.88331213,19.334,9/19/2021 0:00,950,2,2,0,0,CLEAR,DRY,0,1 VEHICLE ENTERING/LEAVING ENTRANCE,ANGLE,STRAIGHT & LEVEL,DAYLIGHT,Before,2021
28697149,HARDIN,US0031W,,DIXIE,AVE,37.72815491,-85.88416081,19.477,9/18/2021 0:00,313,2,2,0,0,CLEAR,DRY,0,ANGLE COLLISION - OTHER,ANGLE,STRAIGHT & LEVEL,DARK-HWY LIGHTED/ON,Before,2021
28676603,HARDIN,US0031W,,DIXIE,AVE,37.72779038,-85.88362969,19.439,9/17/2021 0:00,1337,2,2,0,0,CLEAR,DRY,0,OTHER ROADWAY OR MID-BLOCK COLLISION,REAR END,STRAIGHT & LEVEL,DAYLIGHT,Before,2021
28676590,HARDIN,US0031W,,DIXIE,AVE,37.72804745,-85.88383219,19.459,9/15/2021 0:00,1022,2,2,0,0,RAINING,WET,0,1 VEHICLE ENTERING/LEAVING ENTRANCE,ANGLE,STRAIGHT & LEVEL,DAYLIGHT,Before,2021
28644461,HARDIN,US0031W,,DIXIE,AVE,37.72361817,-85.88201129,19.142,9/9/2021 0:00,1437,1,1,0,0,CLEAR,DRY,0,RAN OFF ROADWAY (1 VEHICLE WITH/EARTH EMBANKMENT/DITCH),SINGLE VEHICLE,STRAIGHT & LEVEL,DAYLIGHT,Before,2021
28584971,HARDIN,US0031W,,DIXIE,AVE,37.72792043,-85.88381034,19.451,8/27/2021 0:00,2241,2,2,0,1,CLEAR,DRY,0,REAR END IN TRAFFIC LANES BOTH VEHICLES MOVING,REAR END,STRAIGHT & LEVEL,DARK-HWY LIGHTED/ON,Before,2021
28539206,HARDIN,US0031W,,DIXIE,AVE,37.71933493,-85.87955822,18.818,8/16/2021 0:00,1625,2,2,0,0,CLOUDY,DRY,0,ANGLE COLLISION - ONE VEHICLE TURNING LEFT,ANGLE,STRAIGHT & LEVEL,DAYLIGHT,Before,2021
28469083,HARDIN,US0031W,,DIXIE,AVE,37.72829694,-85.8839925,19.405,8/3/2021 0:00,1135,2,2,0,0,CLEAR,DRY,0,SIDESWIPE-SAME DIRECTION,SIDESWIPE-SAME DIRECTION,STRAIGHT & LEVEL,DAYLIGHT,Before,2021
28380936,HARDIN,US0031W,,DIXIE,AVE,37.72613216,-85.88290304,19.319,7/17/2021 0:00,1254,3,3,0,0,CLEAR,DRY,0,1 VEHICLE ENTERING/LEAVING ENTRANCE,ANGLE,STRAIGHT & LEVEL,DAYLIGHT,Before,2021
28380940,HARDIN,US0031W,,DIXIE,AVE,37.72806128,-85.88385345,19.46,7/16/2021 0:00,1555,4,4,0,3,CLOUDY,DRY,0,OTHER ROADWAY OR MID-BLOCK COLLISION,REAR END,STRAIGHT & LEVEL,DAYLIGHT,Before,2021
28320164,HARDIN,US0031W,,DIXIE,AVE,37.72344077,-85.8818862,19.128,6/28/2021 0:00,1544,2,2,0,0,CLEAR,DRY,0,REAR END IN TRAFFIC LANES BOTH VEHICLES MOVING,REAR END,STRAIGHT & LEVEL,DAYLIGHT,Before,2021
28301573,HARDIN,US0031W,,DIXIE,AVE,37.72058587,-85.8801775,18.914,6/23/2021 0:00,1300,2,2,0,2,CLEAR,DRY,0,1 VEHICLE ENTERING/LEAVING ENTRANCE,ANGLE,STRAIGHT & LEVEL,DAYLIGHT,Before,2021
28301838,HARDIN,US0031W,,DIXIE,AVE,37.72295372,-85.88136108,19.087,6/14/2021 0:00,2137,1,1,0,0,CLEAR,DRY,0,COLLISION WITH ANIMAL NON INTERSECTION,SINGLE VEHICLE,STRAIGHT & LEVEL,DARK-HWY LIGHTED/ON,Before,2021
28301621,HARDIN,US0031W,,DIXIE,AVE,37.72585798,-85.88277098,19.299,6/6/2021 0:00,1344,2,2,0,0,CLOUDY,DRY,0,1 VEHICLE ENTERING/LEAVING ENTRANCE,ANGLE,STRAIGHT & LEVEL,DAYLIGHT,Before,2021
28302065,HARDIN,US0031W,,DIXIE,AVE,37.72818247,-85.8839509,19.47,6/1/2021 0:00,1419,2,2,0,0,CLOUDY,DRY,0,REAR END IN TRAFFIC LANES BOTH VEHICLES MOVING,REAR END,STRAIGHT & LEVEL,DAYLIGHT,Before,2021
28301979,HARDIN,US0031W,,DIXIE,AVE,37.72828565,-85.88399336,19.477,5/29/2021 0:00,2240,2,2,0,1,CLEAR,DRY,0,OTHER INTERSECTION COLLISIONS,REAR END,STRAIGHT & LEVEL,DARK-HWY LIGHTED/ON,Before,2021
28188514,HARDIN,US0031W,,DIXIE,AVE,37.72838501,-85.88403857,19.473,5/24/2021 0:00,1815,2,2,0,0,CLEAR,DRY,0,1 VEHICLE ENTERING/LEAVING ENTRANCE,ANGLE,STRAIGHT & LEVEL,DAYLIGHT,Before,2021
28301977,HARDIN,US0031W,,DIXIE,AVE,37.72691634,-85.8832271,19.375,5/21/2021 0:00,1658,2,2,0,0,CLEAR,DRY,0,SIDESWIPE COLLISION - SAME DIRECTION,SIDESWIPE-SAME DIRECTION,STRAIGHT & LEVEL,DAYLIGHT,Before,2021
28301832,HARDIN,US0031W,,DIXIE,AVE,37.72684997,-85.88349642,19.375,5/7/2021 0:00,918,2,2,0,0,CLEAR,DRY,0,REAR END IN TRAFFIC LANES BOTH VEHICLES MOVING,REAR END,STRAIGHT & LEVEL,DAYLIGHT,Before,2021
28010647,HARDIN,US0031W,,DIXIE,AVE,37.72828177,-85.88424603,19.467,4/7/2021 0:00,1210,2,2,0,0,CLEAR,DRY,0,ANGLE COLLISION - OTHER,ANGLE,STRAIGHT & LEVEL,DAYLIGHT,Before,2021
28004314,HARDIN,US0031W,,DIXIE,AVE,37.7200352,-85.8799001,18.875,3/28/2021 0:00,1146,2,1,0,0,CLEAR,DRY,0,ANGLE COLLISION - OTHER,ANGLE,STRAIGHT & LEVEL,DAYLIGHT,Before,2021
28026309,HARDIN,US0031W,,DIXIE,AVE,37.72829107,-85.88404246,19.476,3/25/2021 0:00,1153,2,2,0,1,RAINING,WET,0,ANGLE COLLISION - OTHER,ANGLE,STRAIGHT & LEVEL,DAYLIGHT,Before,2021
28026304,HARDIN,US0031W,,DIXIE,AVE,37.72831063,-85.88431138,19.468,3/24/2021 0:00,1830,2,2,0,0,CLEAR,DRY,1,OTHER INTERSECTION COLLISIONS,REAR END,STRAIGHT & LEVEL,DAYLIGHT,Before,2021
28026307,HARDIN,US0031W,,DIXIE,AVE,37.72798333,-85.88383588,19.455,3/17/2021 0:00,1731,2,2,0,0,RAINING,WET,0,OTHER ROADWAY OR MID-BLOCK COLLISION,REAR END,STRAIGHT & LEVEL,DAYLIGHT,Before,2021
27976630,HARDIN,US0031W,,DIXIE,AVE,37.72799493,-85.88386079,19.456,3/16/2021 0:00,1303,2,2,0,0,CLEAR,DRY,0,SIDESWIPE COLLISION - SAME DIRECTION,SIDESWIPE-SAME DIRECTION,STRAIGHT & LEVEL,DAYLIGHT,Before,2021
27976626,HARDIN,US0031W,1501,DIXIE,AVE,37.72552694,-85.88258982,19.275,3/12/2021 0:00,1326,2,2,0,0,CLEAR,DRY,0,1 VEHICLE ENTERING/LEAVING ENTRANCE,ANGLE,STRAIGHT & LEVEL,DAYLIGHT,Before,2021
28026395,HARDIN,US0031W,,DIXIE,AVE,37.72623687,-85.88295284,19.327,3/2/2021 0:00,1355,2,2,0,0,CLEAR,DRY,0,SIDESWIPE COLLISION - SAME DIRECTION,SIDESWIPE-SAME DIRECTION,STRAIGHT & LEVEL,DAYLIGHT,Before,2021
28026398,HARDIN,US0031W,,DIXIE,AVE,37.72446656,-85.88209942,19.198,3/2/2021 0:00,1416,2,2,0,0,CLEAR,DRY,0,REAR END IN TRAFFIC LANES BOTH VEHICLES MOVING,REAR END,STRAIGHT & LEVEL,DAYLIGHT,Before,2021
28109170,HARDIN,US0031W,,DIXIE,AVE,37.72773749,-85.88423031,19.372,2/2/2021 0:00,1735,3,3,0,0,CLEAR,DRY,0,OTHER ROADWAY OR MID-BLOCK COLLISION,REAR END,STRAIGHT & LEVEL,DAYLIGHT,Before,2021
28010956,HARDIN,US0031W,,DIXIE,AVE,37.7273433,-85.88352236,19.402,1/23/2021 0:00,1118,2,2,0,0,CLEAR,DRY,0,1 VEHICLE ENTERING/LEAVING ENTRANCE,ANGLE,STRAIGHT & LEVEL,DAYLIGHT,Before,2021
27598372,HARDIN,US0031W,,DIXIE,AVE,37.72623098,-85.88294144,19.326,12/22/2020 0:00,1203,5,5,0,1,CLEAR,DRY,0,OTHER ROADWAY OR MID-BLOCK COLLISION,REAR END,STRAIGHT & LEVEL,DAYLIGHT,Before,2020
28109130,HARDIN,US0031W,,DIXIE,AVE,37.72733632,-85.88351873,19.402,12/21/2020 0:00,1315,2,2,0,0,CLEAR,DRY,0,SIDESWIPE COLLISION - SAME DIRECTION,SIDESWIPE-SAME DIRECTION,STRAIGHT & LEVEL,DAYLIGHT,Before,2020
27606745,HARDIN,US0031W,,DIXIE,AVE,37.72325335,-85.88178828,19.114,12/18/2020 0:00,1720,2,2,0,0,CLEAR,DRY,0,1 VEHICLE ENTERING/LEAVING ENTRANCE,ANGLE,STRAIGHT & LEVEL,DAYLIGHT,Before,2020
28184265,HARDIN,US0031W,,DIXIE,AVE,37.71924055,-85.87979721,18.824,12/15/2020 0:00,930,2,2,0,0,CLEAR,DRY,0,ANGLE COLLISION - ONE VEHICLE TURNING LEFT,ANGLE,STRAIGHT & LEVEL,DAYLIGHT,Before,2020
28109091,HARDIN,US0031W,,DIXIE,AVE,37.72729473,-85.88350193,19.405,11/30/2020 0:00,1138,2,2,0,0,SNOWING,WET,0,ANGLE COLLISION - OTHER,ANGLE,STRAIGHT & LEVEL,DAYLIGHT,Before,2020
27606700,HARDIN,US0031W,,DIXIE,AVE,37.71977793,-85.88005735,18.858,11/30/2020 0:00,1607,1,1,0,0,SNOWING,WET,0,COLLISION WITH FIXED OBJECT NON - INTERSECTION - FIRST EVENT COLLISION 09 - 32 EXCLUDING 16,SINGLE VEHICLE,CURVE & LEVEL,DAYLIGHT,Before,2020
28109089,HARDIN,US0031W,,DIXIE,AVE,37.72823354,-85.88400933,19.474,11/27/2020 0:00,2149,3,3,0,3,CLEAR,DRY,0,OTHER INTERSECTION COLLISIONS,REAR END,STRAIGHT & LEVEL,DARK-HWY LIGHTED/ON,Before,2020
27606690,HARDIN,US0031W,,DIXIE,AVE,37.72707083,-85.88337685,19.388,11/19/2020 0:00,1624,3,3,0,1,CLEAR,DRY,0,OTHER ROADWAY OR MID-BLOCK COLLISION,REAR END,STRAIGHT & LEVEL,DAYLIGHT,Before,2020
27606789,HARDIN,US0031W,,DIXIE,AVE,37.728285,-85.88401189,19.477,11/18/2020 0:00,1706,2,2,0,1,CLEAR,DRY,0,ANGLE COLLISION - OTHER,ANGLE,STRAIGHT & LEVEL,DAYLIGHT,Before,2020
27585787,HARDIN,US0031W,,DIXIE,AVE,37.726116,-85.88289884,19.318,10/17/2020 0:00,1205,2,2,0,0,CLEAR,DRY,0,OTHER ROADWAY OR MID-BLOCK COLLISION,REAR END,STRAIGHT & LEVEL,DAYLIGHT,Before,2020
27353032,HARDIN,US0031W,1311,DIXIE,AVE,37.72166819,-85.88071102,18.993,10/15/2020 0:00,1601,2,2,0,1,RAINING,WET,0,REAR END IN TRAFFIC LANES BOTH VEHICLES MOVING,REAR END,STRAIGHT & LEVEL,DAYLIGHT,Before,2020
27606782,HARDIN,US0031W,,DIXIE,AVE,37.72609293,-85.88306177,19.319,10/10/2020 0:00,1605,2,2,0,0,CLEAR,DRY,0,1 VEHICLE ENTERING/LEAVING ENTRANCE,ANGLE,STRAIGHT & LEVEL,DAYLIGHT,Before,2020
27966113,HARDIN,US0031W,,DIXIE,AVE,37.72669627,-85.8834796,19.365,10/7/2020 0:00,1335,2,2,0,0,CLEAR,DRY,0,1 VEHICLE ENTERING/LEAVING ENTRANCE,ANGLE,STRAIGHT & LEVEL,DAYLIGHT,Before,2020
27711710,HARDIN,US0031W,,DIXIE,AVE,37.7279387,-85.88380156,19.452,10/7/2020 0:00,1154,2,2,0,0,CLEAR,DRY,0,REAR END IN TRAFFIC LANES BOTH VEHICLES MOVING,REAR END,STRAIGHT & LEVEL,DAYLIGHT,Before,2020
27585776,HARDIN,US0031W,,DIXIE,AVE,37.72732018,-85.88356306,19.401,10/2/2020 0:00,1127,2,2,0,1,CLEAR,DRY,0,ANGLE COLLISION - OTHER,ANGLE,STRAIGHT & LEVEL,DAYLIGHT,Before,2020
32127541,HARDIN,US0031W,,DIXIE,AVE,37.72584474,-85.88307146,19.304,10/1/2020 0:00,1229,2,1,0,0,CLEAR,DRY,0,1 VEHICLE ENTERING/LEAVING ENTRANCE,ANGLE,STRAIGHT & LEVEL,DAYLIGHT,Before,2020
27316694,HARDIN,US0031W,,DIXIE,AVE,37.72761298,-85.88364658,19.428,9/28/2020 0:00,1237,2,1,0,0,RAINING,WET,0,SIDESWIPE COLLISION - SAME DIRECTION,SIDESWIPE-SAME DIRECTION,STRAIGHT & GRADE,DAYLIGHT,Before,2020
27220162,HARDIN,US0031W,,DIXIE,AVE,37.72841655,-85.88431319,19.465,9/15/2020 0:00,1551,2,2,0,0,CLEAR,DRY,0,OTHER ROADWAY OR MID-BLOCK COLLISION,REAR END,STRAIGHT & LEVEL,DAYLIGHT,Before,2020
32127580,HARDIN,US0031W,,DIXIE,AVE,37.72187167,-85.88110549,19.013,9/8/2020 0:00,1516,2,1,0,0,CLEAR,DRY,0,REAR END IN TRAFFIC LANES BOTH VEHICLES MOVING,REAR END,STRAIGHT & LEVEL,DAYLIGHT,Before,2020
27147697,HARDIN,US0031W,,DIXIE,AVE,37.72730251,-85.88355058,19.402,8/18/2020 0:00,1449,2,2,0,0,CLEAR,DRY,0,OTHER INTERSECTION COLLISIONS,REAR END,STRAIGHT & LEVEL,DAYLIGHT,Before,2020
27097490,HARDIN,US0031W,,DIXIE,AVE,37.72781442,-85.88377332,19.443,8/14/2020 0:00,1202,2,2,0,0,CLEAR,DRY,0,OTHER ROADWAY OR MID-BLOCK COLLISION,REAR END,STRAIGHT & LEVEL,DAYLIGHT,Before,2020
27097611,HARDIN,US0031W,,DIXIE,AVE,37.72825344,-85.88423908,19.472,8/12/2020 0:00,941,2,2,0,0,CLOUDY,DRY,0,ANGLE COLLISION - OTHER,ANGLE,STRAIGHT & LEVEL,DAYLIGHT,Before,2020
27097574,HARDIN,US0031W,,DIXIE,AVE,37.72741573,-85.88383307,19.394,7/29/2020 0:00,1549,2,2,0,0,CLEAR,DRY,0,SIDESWIPE COLLISION - SAME DIRECTION,SIDESWIPE-SAME DIRECTION,STRAIGHT & LEVEL,DAYLIGHT,Before,2020