IncidentID,County,RdwyNumber,Street,RoadwayName,StreetSfx,Latitude,Longitude,Milepoint,CollisionDate,CollisionTime,UnitsInvolved,MotorVehiclesInvolved,NumberKilled,NumberInjured,Weather,RdwyConditionCode,HitandRun,DirAnalysisCode,MannerofCollision,RdwyCharacter,LightCondition,Before_After_Construction,CollisionYear
26988995,HARDIN,US0031W,,DIXIE,AVE,37.72827721,-85.88415483,19.471,7/4/2020 0:00,2342,2,2,0,0,CLEAR,DRY,0,SIDESWIPE-SAME DIRECTION,SIDESWIPE-SAME DIRECTION,STRAIGHT & LEVEL,DARK-HWY LIGHTED/ON,Before,2020
26932205,HARDIN,US0031W,,DIXIE,AVE,37.72536404,-85.88280519,19.268,7/2/2020 0:00,1456,2,2,0,0,CLEAR,DRY,0,1 VEHICLE ENTERING/LEAVING ENTRANCE,ANGLE,STRAIGHT & LEVEL,DAYLIGHT,Before,2020
26989051,HARDIN,US0031W,,DIXIE,AVE,37.72680977,-85.88327372,19.37,6/26/2020 0:00,1905,2,2,0,0,CLEAR,DRY,1,SIDESWIPE COLLISION - SAME DIRECTION,SIDESWIPE-SAME DIRECTION,STRAIGHT & LEVEL,DAYLIGHT,Before,2020
26989082,HARDIN,US0031W,,DIXIE,AVE,37.72825584,-85.88400236,19.475,6/20/2020 0:00,1730,2,2,0,0,CLEAR,DRY,1,REAR END IN TRAFFIC LANES BOTH VEHICLES MOVING,REAR END,STRAIGHT & LEVEL,DAYLIGHT,Before,2020
26730791,HARDIN,US0031W,,DIXIE,AVE,37.72022017,-85.88028765,18.848,5/20/2020 0:00,1038,2,2,0,0,CLOUDY,DRY,0,OTHER ROADWAY OR MID-BLOCK COLLISION,REAR END,STRAIGHT & LEVEL,DAYLIGHT,Before,2020
26874196,HARDIN,US0031W,,DIXIE,AVE,37.7276331,-85.88408993,19.381,4/23/2020 0:00,1636,2,2,0,0,CLOUDY,WET,0,REAR END IN TRAFFIC LANES BOTH VEHICLES MOVING,REAR END,STRAIGHT & LEVEL,DAYLIGHT,Before,2020
26627904,HARDIN,US0031W,1571,DIXIE,AVE,37.72812258,-85.88394006,19.466,4/18/2020 0:00,1704,2,2,0,0,CLEAR,DRY,0,ANGLE COLLISION - OTHER,ANGLE,STRAIGHT & LEVEL,DAYLIGHT,Before,2020
26627900,HARDIN,US0031W,,DIXIE,AVE,37.72070895,-85.88023908,18.923,4/17/2020 0:00,1532,2,2,0,0,CLOUDY,DRY,0,REAR END IN TRAFFIC LANES BOTH VEHICLES MOVING,REAR END,STRAIGHT & LEVEL,DAYLIGHT,Before,2020
26478509,HARDIN,US0031W,,DIXIE,AVE,37.72650762,-85.8833779,19.352,3/6/2020 0:00,1747,2,2,0,0,CLEAR,DRY,0,SIDESWIPE COLLISION - SAME DIRECTION,SIDESWIPE-SAME DIRECTION,STRAIGHT & LEVEL,DAYLIGHT,Before,2020
26337575,HARDIN,US0031W,,DIXIE,AVE,37.72397752,-85.88229862,19.171,2/11/2020 0:00,1153,2,2,0,1,RAINING,WET,0,REAR END IN TRAFFIC LANES BOTH VEHICLES MOVING,REAR END,STRAIGHT & LEVEL,DAYLIGHT,Before,2020
26216315,HARDIN,US0031W,,DIXIE,AVE,37.72726333,-85.8835527,19.402,1/7/2020 0:00,1941,2,2,0,0,CLEAR,DRY,0,SIDESWIPE COLLISION - SAME DIRECTION,SIDESWIPE-SAME DIRECTION,STRAIGHT & GRADE,DARK-HWY LIGHTED/ON,Before,2020
26216306,HARDIN,US0031W,,DIXIE,AVE,37.72665108,-85.88319637,19.358,1/5/2020 0:00,1255,2,2,0,0,CLEAR,DRY,0,SIDESWIPE COLLISION - SAME DIRECTION,SIDESWIPE-SAME DIRECTION,STRAIGHT & LEVEL,DAYLIGHT,Before,2020
26100619,HARDIN,US0031W,,DIXIE,AVE,37.72245592,-85.88111527,19.051,12/24/2019 0:00,2019,2,2,0,0,CLEAR,DRY,0,ANGLE COLLISION - OTHER,ANGLE,STRAIGHT & LEVEL,DARK-HWY LIGHTED/ON,Before,2019
26100660,HARDIN,US0031W,,DIXIE,AVE,37.72697787,-85.8832932,19.381,12/21/2019 0:00,1912,1,1,0,0,CLEAR,DRY,0,COLLISION WITH NON-FIXED OBJECT ,SINGLE VEHICLE,STRAIGHT & LEVEL,DARK-HWY LIGHTED/ON,Before,2019
26100770,HARDIN,US0031W,,DIXIE,AVE,37.72670932,-85.8834716,19.366,12/14/2019 0:00,1236,2,2,0,0,CLOUDY,DRY,0,SIDESWIPE COLLISION - SAME DIRECTION,SIDESWIPE-SAME DIRECTION,STRAIGHT & GRADE,DAYLIGHT,Before,2019
26100763,HARDIN,US0031W,,DIXIE,AVE,37.72642591,-85.88305159,19.341,12/13/2019 0:00,1647,2,2,0,0,RAINING,WET,0,OTHER ROADWAY OR MID-BLOCK COLLISION,REAR END,STRAIGHT & LEVEL,DUSK,Before,2019
26099899,HARDIN,US0031W,,DIXIE,AVE,37.72645704,-85.88309323,19.344,12/13/2019 0:00,1524,2,2,0,0,CLOUDY,WET,0,OTHER ROADWAY OR MID-BLOCK COLLISION,REAR END,STRAIGHT & LEVEL,DAYLIGHT,Before,2019
26025732,HARDIN,US0031W,,DIXIE,AVE,37.72462885,-85.88252202,19.216,12/4/2019 0:00,1141,2,2,0,0,CLEAR,DRY,0,SIDESWIPE COLLISION - SAME DIRECTION,SIDESWIPE-SAME DIRECTION,STRAIGHT & LEVEL,DAYLIGHT,Before,2019
26025731,HARDIN,US0031W,,DIXIE,AVE,37.72008557,-85.8803224,18.884,12/3/2019 0:00,1754,2,2,0,0,CLEAR,DRY,0,SIDESWIPE COLLISION - SAME DIRECTION,SIDESWIPE-SAME DIRECTION,STRAIGHT & LEVEL,DARK (UNKNOWN ROADWAY LIGHTING),Before,2019
25967147,HARDIN,US0031W,,DIXIE,AVE,37.72685298,-85.88352818,19.376,11/21/2019 0:00,1409,2,2,0,0,CLOUDY,DRY,0,SIDESWIPE COLLISION - SAME DIRECTION,SIDESWIPE-SAME DIRECTION,STRAIGHT & LEVEL,DAYLIGHT,Before,2019
25967146,HARDIN,US0031W,,DIXIE,AVE,37.72829254,-85.88423934,19.468,11/16/2019 0:00,1421,2,2,0,0,CLEAR,DRY,0,OPPOSING LEFT TURN,OPPOSING LEFT TURN,STRAIGHT & LEVEL,DAYLIGHT,Before,2019
25993311,HARDIN,US0031W,,DIXIE,AVE,37.72673566,-85.88322621,19.364,11/4/2019 0:00,1159,2,2,0,0,CLEAR,DRY,0,REAR END IN TRAFFIC LANES BOTH VEHICLES MOVING,REAR END,STRAIGHT & LEVEL,DAYLIGHT,Before,2019
25993261,HARDIN,US0031W,,DIXIE,AVE,37.72821188,-85.88395116,19.472,10/29/2019 0:00,1427,2,2,0,0,CLEAR,DRY,1,OTHER ROADWAY OR MID-BLOCK COLLISION,REAR END,,DAYLIGHT,Before,2019
26069094,HARDIN,US0031W,,DIXIE,AVE,37.72636305,-85.88307174,19.337,10/25/2019 0:00,1537,2,2,0,0,CLOUDY,WET,0,OTHER ROADWAY OR MID-BLOCK COLLISION,REAR END,STRAIGHT & LEVEL,DAYLIGHT,Before,2019
25675061,HARDIN,US0031W,,DIXIE,AVE,37.7272971,-85.88350012,19.405,9/21/2019 0:00,2058,3,3,0,0,CLEAR,DRY,0,ANGLE COLLISION - OTHER,ANGLE,STRAIGHT & LEVEL,DARK-HWY LIGHTED/ON,Before,2019
25549867,HARDIN,US0031W,,DIXIE,AVE,37.72758994,-85.88364781,19.388,8/20/2019 0:00,1059,2,2,0,0,CLEAR,DRY,0,REAR END IN TRAFFIC LANES BOTH VEHICLES MOVING,REAR END,STRAIGHT & LEVEL,DAYLIGHT,Before,2019
25746885,HARDIN,US0031W,,DIXIE,AVE,37.72554004,-85.8829113,19.282,8/13/2019 0:00,1513,2,2,2,0,CLEAR,DRY,0,1 VEHICLE ENTERING/LEAVING ENTRANCE,ANGLE,STRAIGHT & LEVEL,DAYLIGHT,Before,2019
25426946,HARDIN,US0031W,,DIXIE,AVE,37.72345242,-85.88159693,19.118,8/4/2019 0:00,1516,2,2,0,1,CLOUDY,DRY,0,REAR END IN TRAFFIC LANES BOTH VEHICLES MOVING,REAR END,STRAIGHT & LEVEL,DAYLIGHT,Before,2019
25747017,HARDIN,US0031W,,DIXIE,AVE,37.72580228,-85.88304894,19.301,7/22/2019 0:00,1425,2,2,0,0,RAINING,WET,0,1 VEHICLE ENTERING/LEAVING ENTRANCE,ANGLE,STRAIGHT & LEVEL,DAYLIGHT,Before,2019
25384654,HARDIN,US0031W,,DIXIE,AVE,37.72825382,-85.88405194,19.469,7/11/2019 0:00,1033,2,2,0,0,CLEAR,DRY,0,1 VEHICLE ENTERING/LEAVING ENTRANCE,ANGLE,STRAIGHT & LEVEL,DAYLIGHT,Before,2019
25246831,HARDIN,US0031W,,DIXIE,AVE,37.71915291,-85.87976069,18.818,6/22/2019 0:00,1048,2,2,0,0,RAINING,WET,0,ANGLE COLLISION - OTHER,ANGLE,STRAIGHT & LEVEL,DAYLIGHT,Before,2019
25220171,HARDIN,US0031W,1504,DIXIE,AVE,37.72649867,-85.88338013,19.351,6/12/2019 0:00,1330,2,2,0,0,CLEAR,DRY,0,1 VEHICLE PARKED POSITION (NOT PARKING LOT/DRIVEWAY),SIDESWIPE-SAME DIRECTION,STRAIGHT & LEVEL,DAYLIGHT,Before,2019
25184691,HARDIN,US0031W,,DIXIE,AVE,37.72824623,-85.88420549,19.472,6/7/2019 0:00,853,2,2,0,0,RAINING,WET,0,ANGLE COLLISION - OTHER,ANGLE,STRAIGHT & LEVEL,DAYLIGHT,Before,2019
25207031,HARDIN,US0031W,,DIXIE,AVE,37.7272804,-85.88348426,19.404,5/18/2019 0:00,1258,2,2,0,0,CLEAR,DRY,1,,ANGLE,STRAIGHT & LEVEL,DAYLIGHT,Before,2019
25081187,HARDIN,US0031W,,DIXIE,AVE,37.72745289,-85.88357668,19.395,5/3/2019 0:00,1943,2,2,0,0,CLEAR,DRY,0,1 VEHICLE ENTERING/LEAVING ENTRANCE,ANGLE,STRAIGHT & LEVEL,DAYLIGHT,Before,2019
25080992,HARDIN,US0031W,,DIXIE,AVE,37.72819344,-85.88395241,19.471,5/1/2019 0:00,1300,2,2,0,0,CLEAR,DRY,0,SIDESWIPE COLLISION - SAME DIRECTION,SIDESWIPE-SAME DIRECTION,STRAIGHT & LEVEL,DAYLIGHT,Before,2019
25010855,HARDIN,US0031W,,DIXIE,AVE,37.72688557,-85.88360541,19.38,5/1/2019 0:00,1136,2,2,0,0,CLEAR,DRY,0,1 VEHICLE ENTERING/LEAVING ENTRANCE,ANGLE,STRAIGHT & LEVEL,DAYLIGHT,Before,2019
25389874,HARDIN,US0031W,,DIXIE,AVE,37.72386514,-85.882337,19.165,4/26/2019 0:00,1638,2,2,0,0,CLEAR,DRY,0,1 VEHICLE ENTERING/LEAVING ENTRANCE,ANGLE,STRAIGHT & LEVEL,DAYLIGHT,Before,2019
25389885,HARDIN,US0031W,,DIXIE,AVE,37.7267436,-85.88328532,19.366,4/25/2019 0:00,1833,3,3,0,0,CLOUDY,WET,0,REAR END IN TRAFFIC LANES BOTH VEHICLES MOVING,REAR END,STRAIGHT & LEVEL,DAYLIGHT,Before,2019
24955367,HARDIN,US0031W,,DIXIE,AVE,37.7269591,-85.8835436,19.383,4/12/2019 0:00,1319,2,2,0,0,CLOUDY,DRY,0,SIDESWIPE COLLISION - SAME DIRECTION,SIDESWIPE-SAME DIRECTION,STRAIGHT & LEVEL,DAYLIGHT,Before,2019
24932969,HARDIN,US0031W,,DIXIE,AVE,37.72729938,-85.88349265,19.404,4/10/2019 0:00,1732,2,2,0,0,CLEAR,DRY,0,ANGLE COLLISION - OTHER,ANGLE,STRAIGHT & GRADE,DAYLIGHT,Before,2019
24932976,HARDIN,US0031W,,DIXIE,AVE,37.7279917,-85.88401284,19.464,4/10/2019 0:00,1252,2,2,0,0,CLEAR,DRY,0,1 VEHICLE ENTERING/LEAVING ENTRANCE,ANGLE,STRAIGHT & LEVEL,DAYLIGHT,Before,2019
25080898,HARDIN,US0031W,,DIXIE,AVE,37.72727593,-85.88352208,19.403,3/26/2019 0:00,1646,2,2,0,0,CLEAR,DRY,0,ANGLE COLLISION - OTHER,ANGLE,STRAIGHT & LEVEL,DAYLIGHT,Before,2019
25080938,HARDIN,US0031W,,DIXIE,AVE,37.72827461,-85.88425585,19.47,3/25/2019 0:00,1921,2,2,0,0,CLEAR,DRY,0,ANGLE COLLISION - OTHER,ANGLE,STRAIGHT & LEVEL,DAYLIGHT,Before,2019
24876320,HARDIN,US0031W,,DIXIE,AVE,37.72702409,-85.88360426,19.388,3/20/2019 0:00,1313,2,2,0,0,CLEAR,DRY,0,1 VEHICLE ENTERING/LEAVING ENTRANCE,ANGLE,STRAIGHT & LEVEL,DAYLIGHT,Before,2019
24870603,HARDIN,US0031W,1504,DIXIE,AVE,37.727297,-85.88375846,19.401,3/3/2019 0:00,2127,2,2,0,0,CLEAR,WET,0,REAR END IN TRAFFIC LANES BOTH VEHICLES MOVING,REAR END,STRAIGHT & GRADE,DARK-HWY LIGHTED/ON,Before,2019
24809629,HARDIN,US0031W,,DIXIE,AVE,37.72455085,-85.88247684,19.211,3/1/2019 0:00,1345,2,2,0,0,CLEAR,DRY,0,1 VEHICLE ENTERING/LEAVING ENTRANCE,ANGLE,STRAIGHT & LEVEL,DAYLIGHT,Before,2019
25389837,HARDIN,US0031W,,DIXIE,AVE,37.72321255,-85.88177112,19.111,2/25/2019 0:00,1031,2,2,0,0,CLEAR,DRY,0,1 VEHICLE ENTERING/LEAVING ENTRANCE,ANGLE,STRAIGHT & LEVEL,DAYLIGHT,Before,2019
25389819,HARDIN,US0031W,,DIXIE,AVE,37.71976365,-85.87972753,18.851,2/19/2019 0:00,928,2,2,0,0,CLEAR,DRY,0,SIDESWIPE COLLISION - SAME DIRECTION,SIDESWIPE-SAME DIRECTION,STRAIGHT & LEVEL,DAYLIGHT,Before,2019
25389806,HARDIN,US0031W,,DIXIE,AVE,37.72723398,-85.88374122,19.404,2/15/2019 0:00,1347,2,2,0,0,CLEAR,DRY,0,1 VEHICLE ENTERING/LEAVING ENTRANCE,ANGLE,STRAIGHT & LEVEL,DAYLIGHT,Before,2019
24595512,HARDIN,US0031W,1501,DIXIE,AVE,37.72434655,-85.88200867,19.189,2/2/2019 0:00,1250,5,5,0,1,CLEAR,DRY,0,1 VEHICLE PARKED POSITION (NOT PARKING LOT/DRIVEWAY),ANGLE,STRAIGHT & LEVEL,DAYLIGHT,Before,2019
24641528,HARDIN,US0031W,,DIXIE,AVE,37.72785885,-85.8839174,19.452,1/29/2019 0:00,1136,2,2,0,0,CLEAR,DRY,0,1 VEHICLE ENTERING/LEAVING ENTRANCE,ANGLE,STRAIGHT & LEVEL,DAYLIGHT,Before,2019
24548551,HARDIN,US0031W,,DIXIE,AVE,37.71944224,-85.87981555,18.836,1/22/2019 0:00,1600,3,3,0,0,CLOUDY,DRY,0,OTHER ROADWAY OR MID-BLOCK COLLISION,REAR END,STRAIGHT & LEVEL,DAYLIGHT,Before,2019
24460774,HARDIN,US0031W,,DIXIE,AVE,37.72702983,-85.88338671,19.386,1/4/2019 0:00,1518,2,2,0,0,RAINING,WET,0,OTHER ROADWAY OR MID-BLOCK COLLISION,REAR END,STRAIGHT & LEVEL,DAYLIGHT,Before,2019
24533298,HARDIN,US0031W,,DIXIE,AVE,37.71929459,-85.87982016,18.826,12/29/2018 0:00,2018,2,2,0,0,CLEAR,DRY,0,OPPOSING LEFT TURN,OPPOSING LEFT TURN,STRAIGHT & LEVEL,DARK-HWY LIGHTED/ON,Before,2018
24416849,HARDIN,US0031W,,DIXIE,AVE,37.72066785,-85.88018136,18.919,12/20/2018 0:00,1733,2,2,0,0,RAINING,WET,0,REAR END IN TRAFFIC LANES BOTH VEHICLES MOVING,REAR END,STRAIGHT & LEVEL,DUSK,Before,2018
24437398,HARDIN,US0031W,,DIXIE,AVE,37.72363205,-85.88177145,19.139,12/20/2018 0:00,1648,2,2,0,1,RAINING,WET,0,REAR END IN TRAFFIC LANES BOTH VEHICLES MOVING,REAR END,STRAIGHT & LEVEL,DAYLIGHT,Before,2018
24394367,HARDIN,US0031W,,DIXIE,AVE,37.72817732,-85.88393098,19.469,12/15/2018 0:00,1257,2,2,0,0,CLOUDY,WET,0,OTHER ROADWAY OR MID-BLOCK COLLISION,REAR END,STRAIGHT & LEVEL,DAYLIGHT,Before,2018
24363606,HARDIN,US0031W,,DIXIE,AVE,37.72685863,-85.88354551,19.377,12/11/2018 0:00,1650,2,2,0,0,CLEAR,DRY,0,REAR END IN TRAFFIC LANES BOTH VEHICLES MOVING,REAR END,STRAIGHT & HILLCREST,DAYLIGHT,Before,2018
24437361,HARDIN,US0031W,,DIXIE,AVE,37.72027902,-85.88029738,18.895,11/30/2018 0:00,1619,2,2,0,0,CLOUDY,WET,0,REAR END IN TRAFFIC LANES BOTH VEHICLES MOVING,REAR END,STRAIGHT & LEVEL,DAYLIGHT,Before,2018
24298949,HARDIN,US0031W,1504,DIXIE,AVE,37.72600623,-85.88322505,19.317,11/21/2018 0:00,1526,2,2,0,0,CLEAR,DRY,0,1 VEHICLE ENTERING/LEAVING ENTRANCE,ANGLE,STRAIGHT & LEVEL,DAYLIGHT,Before,2018
24206944,HARDIN,US0031W,,DIXIE,AVE,37.72782938,-85.88379423,19.444,11/4/2018 0:00,2000,2,2,0,0,RAINING,WET,0,1 VEHICLE ENTERING/LEAVING ENTRANCE,ANGLE,STRAIGHT & LEVEL,DARK-HWY LIGHTED/ON,Before,2018
24206937,HARDIN,US0031W,,DIXIE,AVE,37.72071666,-85.88053172,18.928,11/4/2018 0:00,1810,2,2,0,0,RAINING,WET,0,REAR END IN TRAFFIC LANES BOTH VEHICLES MOVING,REAR END,STRAIGHT & LEVEL,DARK-HWY LIGHTED/ON,Before,2018
24298932,HARDIN,US0031W,,DIXIE,AVE,37.71941398,-85.87986817,18.824,11/3/2018 0:00,1230,2,2,0,0,CLEAR,DRY,0,OTHER ROADWAY OR MID-BLOCK COLLISION,REAR END,STRAIGHT & LEVEL,DAYLIGHT,Before,2018
24164106,HARDIN,US0031W,,DIXIE,AVE,37.72795059,-85.88379384,19.374,10/11/2018 0:00,1554,2,2,0,0,CLEAR,DRY,0,REAR END IN TRAFFIC LANES BOTH VEHICLES MOVING,REAR END,STRAIGHT & LEVEL,DAYLIGHT,Before,2018
24125868,HARDIN,US0031W,,DIXIE,AVE,37.72736632,-85.88350301,19.4,10/8/2018 0:00,1143,2,2,0,0,CLEAR,DRY,0,1 VEHICLE ENTERING/LEAVING ENTRANCE,ANGLE,STRAIGHT & LEVEL,DAYLIGHT,Before,2018
24075641,HARDIN,US0031W,,DIXIE,AVE,37.72744104,-85.88356668,19.415,10/3/2018 0:00,1748,2,2,0,0,CLEAR,DRY,0,OTHER ROADWAY OR MID-BLOCK COLLISION,REAR END,STRAIGHT & LEVEL,DAYLIGHT,Before,2018
23957203,HARDIN,US0031W,,DIXIE,AVE,37.72708979,-85.88343106,19.39,9/4/2018 0:00,1333,3,3,0,0,CLEAR,DRY,0,OTHER ROADWAY OR MID-BLOCK COLLISION,REAR END,STRAIGHT & LEVEL,DAYLIGHT,Before,2018
23957205,HARDIN,US0031W,,DIXIE,AVE,37.72829282,-85.88425218,19.364,8/30/2018 0:00,1600,2,2,0,1,CLEAR,DRY,0,ANGLE COLLISION - OTHER,ANGLE,STRAIGHT & LEVEL,DAYLIGHT,Before,2018
23786418,HARDIN,US0031W,,DIXIE,AVE,37.72685701,-85.88331272,19.373,8/6/2018 0:00,1256,2,2,0,0,CLEAR,DRY,0,OTHER ROADWAY OR MID-BLOCK COLLISION,REAR END,STRAIGHT & GRADE,DAYLIGHT,Before,2018
23758628,HARDIN,US0031W,1505,DIXIE,AVE,37.72648585,-85.88308721,19.345,7/31/2018 0:00,959,2,2,0,2,CLEAR,DRY,0,1 VEHICLE ENTERING/LEAVING ENTRANCE,ANGLE,STRAIGHT & LEVEL,DAYLIGHT,Before,2018
23775493,HARDIN,US0031W,,DIXIE,AVE,37.728071,-85.88384401,19.461,7/25/2018 0:00,1557,2,2,0,0,CLEAR,DRY,0,OTHER ROADWAY OR MID-BLOCK COLLISION,REAR END,STRAIGHT & LEVEL,DAYLIGHT,Before,2018
23775492,HARDIN,US0031W,,DIXIE,AVE,37.72710057,-85.88333018,19.389,7/24/2018 0:00,1138,2,2,0,1,CLEAR,DRY,0,REAR END IN TRAFFIC LANES BOTH VEHICLES MOVING,REAR END,STRAIGHT & LEVEL,DAYLIGHT,Before,2018
25107832,HARDIN,US0031W,,DIXIE,AVE,37.72619642,-85.88331229,19.331,7/24/2018 0:00,1250,3,1,0,1,CLEAR,DRY,0,OTHER ROADWAY OR MID-BLOCK COLLISION,OPPOSING LEFT TURN,STRAIGHT & LEVEL,DAYLIGHT,Before,2018
26298773,HARDIN,US0031W,,DIXIE,AVE,37.72770506,-85.88399138,19.444,7/17/2018 0:00,,2,1,0,0,CLEAR,DRY,1,SIDESWIPE COLLISION - SAME DIRECTION,SIDESWIPE-SAME DIRECTION,STRAIGHT & LEVEL,DAYLIGHT,Before,2018
23655341,HARDIN,US0031W,,DIXIE,AVE,37.71915252,-85.87975299,18.818,7/6/2018 0:00,1257,2,2,0,0,CLEAR,DRY,0,ANGLE COLLISION - ONE VEHICLE TURNING LEFT,ANGLE,STRAIGHT & LEVEL,DAYLIGHT,Before,2018
27210695,HARDIN,US0031W,,DIXIE,AVE,37.7268908,-85.88329299,19.375,6/20/2018 0:00,1700,2,1,0,0,CLEAR,DRY,0,1 VEHICLE ENTERING/LEAVING ENTRANCE,ANGLE,STRAIGHT & LEVEL,DAYLIGHT,Before,2018
23520387,HARDIN,US0031W,,DIXIE,AVE,37.72700759,-85.88363703,19.388,6/4/2018 0:00,1342,2,2,0,1,CLEAR,DRY,0,1 VEHICLE ENTERING/LEAVING ENTRANCE,ANGLE,STRAIGHT & LEVEL,DAYLIGHT,Before,2018
23684833,HARDIN,US0031W,,DIXIE,AVE,37.72736663,-85.88353698,19.4,6/1/2018 0:00,1422,2,2,0,0,CLEAR,DRY,0,OTHER ROADWAY OR MID-BLOCK COLLISION,REAR END,STRAIGHT & LEVEL,DAYLIGHT,Before,2018
23477303,HARDIN,US0031W,,DIXIE,AVE,37.72700039,-85.88333222,19.383,5/25/2018 0:00,1222,2,2,0,0,CLEAR,DRY,0,REAR END IN TRAFFIC LANES BOTH VEHICLES MOVING,REAR END,STRAIGHT & LEVEL,DAYLIGHT,Before,2018
23422069,HARDIN,US0031W,,DIXIE,AVE,37.7265345,-85.88340132,19.354,5/3/2018 0:00,1212,2,2,0,0,CLEAR,DRY,0,REAR END IN TRAFFIC LANES BOTH VEHICLES MOVING,REAR END,STRAIGHT & LEVEL,DUSK,Before,2018
23296129,HARDIN,US0031W,,DIXIE,AVE,37.72815239,-85.88417748,19.466,4/16/2018 0:00,1632,2,2,0,0,CLOUDY,WET,0,SIDESWIPE-SAME DIRECTION,SIDESWIPE-SAME DIRECTION,STRAIGHT & LEVEL,DAYLIGHT,Before,2018
23308677,HARDIN,US0031W,,DIXIE,AVE,37.72041213,-85.88038213,18.906,4/14/2018 0:00,1349,2,2,0,0,CLOUDY,WET,0,REAR END IN TRAFFIC LANES BOTH VEHICLES MOVING,REAR END,STRAIGHT & LEVEL,DAYLIGHT,Before,2018
23281096,HARDIN,US0031W,,DIXIE,AVE,37.72554733,-85.88296757,19.283,4/13/2018 0:00,1040,2,2,0,0,CLOUDY,DRY,0,1 VEHICLE ENTERING/LEAVING ENTRANCE,ANGLE,STRAIGHT & LEVEL,DAYLIGHT,Before,2018
23278149,HARDIN,US0031W,,DIXIE,AVE,37.72039313,-85.88035373,18.904,4/13/2018 0:00,2046,2,2,0,0,CLEAR,DRY,1,SIDESWIPE COLLISION - SAME DIRECTION,SIDESWIPE-SAME DIRECTION,STRAIGHT & LEVEL,DUSK,Before,2018
23273854,HARDIN,US0031W,,DIXIE,AVE,37.72243105,-85.8813742,19.047,4/13/2018 0:00,2055,2,2,0,0,CLEAR,DRY,1,SIDESWIPE COLLISION - SAME DIRECTION,SIDESWIPE-SAME DIRECTION,STRAIGHT & LEVEL,DARK-HWY NOT LIGHTED,Before,2018
23232494,HARDIN,US0031W,1500,DIXIE,AVE,37.72709695,-85.88338121,19.39,4/7/2018 0:00,1000,2,2,0,0,SNOWING,WET,0,SIDESWIPE COLLISION - SAME DIRECTION,SIDESWIPE-SAME DIRECTION,STRAIGHT & LEVEL,DAYLIGHT,Before,2018
23253186,HARDIN,US0031W,,DIXIE,AVE,37.72648113,-85.88312939,19.346,4/5/2018 0:00,1518,2,2,0,0,CLEAR,DRY,0,REAR END IN TRAFFIC LANES BOTH VEHICLES MOVING,REAR END,STRAIGHT & LEVEL,DAYLIGHT,Before,2018
23204329,HARDIN,US0031W,,DIXIE,AVE,37.72639255,-85.88306231,19.339,3/30/2018 0:00,1553,2,2,0,0,CLEAR,DRY,0,OTHER ROADWAY OR MID-BLOCK COLLISION,REAR END,STRAIGHT & LEVEL,DAYLIGHT,Before,2018
23179207,HARDIN,US0031W,,DIXIE,AVE,37.72459636,-85.88221264,19.208,3/27/2018 0:00,1641,2,2,0,0,CLEAR,DRY,0,SIDESWIPE COLLISION - SAME DIRECTION,SIDESWIPE-SAME DIRECTION,STRAIGHT & LEVEL,DAYLIGHT,Before,2018
23154172,HARDIN,US0031W,,DIXIE,AVE,37.72828594,-85.88406813,19.474,3/24/2018 0:00,1120,2,2,0,0,RAINING,WET,0,SIDESWIPE-SAME DIRECTION,SIDESWIPE-SAME DIRECTION,CURVE & LEVEL,DAYLIGHT,Before,2018
23343360,HARDIN,US0031W,,DIXIE,AVE,37.72036019,-85.88008227,18.897,3/21/2018 0:00,1424,2,2,0,0,CLOUDY,WET,0,REAR END IN TRAFFIC LANES BOTH VEHICLES MOVING,REAR END,STRAIGHT & LEVEL,DAYLIGHT,Before,2018
23156258,HARDIN,US0031W,,DIXIE,AVE,37.72811658,-85.88388948,19.465,3/17/2018 0:00,1215,2,2,0,0,CLEAR,DRY,0,SIDESWIPE COLLISION - SAME DIRECTION,SIDESWIPE-SAME DIRECTION,STRAIGHT & LEVEL,DAYLIGHT,Before,2018
23156352,HARDIN,US0031W,,DIXIE,AVE,37.7282149,-85.88395884,19.472,3/1/2018 0:00,1042,3,3,0,0,CLOUDY,DRY,0,REAR END IN TRAFFIC LANES BOTH VEHICLES MOVING,REAR END,STRAIGHT & LEVEL,DAYLIGHT,Before,2018
23156351,HARDIN,US0031W,,DIXIE,AVE,37.72794979,-85.8838757,19.454,2/28/2018 0:00,1925,2,2,0,0,RAINING,WET,0,REAR END IN TRAFFIC LANES BOTH VEHICLES MOVING,REAR END,STRAIGHT & LEVEL,DARK-HWY LIGHTED/ON,Before,2018
23018797,HARDIN,US0031W,,DIXIE,AVE,37.72334536,-85.88183705,19.121,2/28/2018 0:00,1726,2,2,0,2,CLEAR,DRY,0,ANGLE COLLISION - OTHER,ANGLE,STRAIGHT & LEVEL,DAYLIGHT,Before,2018
22988185,HARDIN,US0031W,,DIXIE,AVE,37.71997978,-85.8801671,18.873,2/26/2018 0:00,1724,2,2,0,0,CLEAR,DRY,0,REAR END IN TRAFFIC LANES BOTH VEHICLES MOVING,REAR END,STRAIGHT & LEVEL,DAYLIGHT,Before,2018