IncidentID,County,RdwyNumber,Street,RoadwayName,StreetSfx,Latitude,Longitude,Milepoint,CollisionDate,CollisionTime,UnitsInvolved,MotorVehiclesInvolved,NumberKilled,NumberInjured,Weather,RdwyConditionCode,HitandRun,DirAnalysisCode,MannerofCollision,RdwyCharacter,LightCondition,Before_After_Construction,CollisionYear
32335100,HARDIN,US0031W,1307,DIXIE,AVE,37.71991535,-85.87968655,18.859,10/11/2023 0:00,1340,1,1,0,0,CLEAR,DRY,0,COLLISION WITH FIXED OBJECT NON - INTERSECTION - FIRST EVENT COLLISION 09 - 32 EXCLUDING 16,SINGLE VEHICLE,STRAIGHT & LEVEL,DAYLIGHT,After,2023
32367300,HARDIN,US0031W,,DIXIE,AVE,37.72594954,-85.88311231,19.311,10/7/2023 0:00,1538,2,2,0,1,CLEAR,DRY,0,SIDESWIPE COLLISION - SAME DIRECTION,SIDESWIPE-SAME DIRECTION,STRAIGHT & LEVEL,DAYLIGHT,After,2023
32367374,HARDIN,US0031W,,DIXIE,AVE,37.7280086,-85.88385868,19.457,10/5/2023 0:00,1515,2,2,0,0,CLOUDY,DRY,0,OTHER INTERSECTION COLLISIONS,REAR END,STRAIGHT & LEVEL,DAYLIGHT,After,2023
32367368,HARDIN,US0031W,,DIXIE,AVE,37.72302424,-85.88167546,19.098,9/28/2023 0:00,1834,1,1,0,0,CLEAR,DRY,0,COLLISION WITH FIXED OBJECT NON - INTERSECTION - FIRST EVENT COLLISION 09 - 32 EXCLUDING 16,SINGLE VEHICLE,STRAIGHT & LEVEL,DUSK,After,2023
32367389,HARDIN,US0031W,,DIXIE,AVE,37.72790591,-85.88410857,19.46,9/28/2023 0:00,1734,2,2,0,0,CLEAR,DRY,0,SIDESWIPE COLLISION - SAME DIRECTION,SIDESWIPE-SAME DIRECTION,STRAIGHT & LEVEL,DAYLIGHT,After,2023
32274979,HARDIN,US0031W,,DIXIE,AVE,37.72779067,-85.88378828,19.442,9/22/2023 0:00,2210,1,1,0,0,CLEAR,DRY,0,COLLISION WITH FIXED OBJECT NON - INTERSECTION - FIRST EVENT COLLISION 09 - 32 EXCLUDING 16,SINGLE VEHICLE,STRAIGHT & LEVEL,DARK-HWY LIGHTED/ON,After,2023
32224158,HARDIN,US0031W,,DIXIE,AVE,37.72829665,-85.88399436,19.478,9/16/2023 0:00,2143,2,2,0,0,CLEAR,DRY,0,OPPOSING LEFT TURN,OPPOSING LEFT TURN,STRAIGHT & LEVEL,DARK-HWY LIGHTED/ON,After,2023
32169063,HARDIN,US0031W,,DIXIE,AVE,37.7282923,-85.88398955,19.478,9/8/2023 0:00,1305,2,2,0,0,CLEAR,DRY,0,SIDESWIPE-SAME DIRECTION,SIDESWIPE-SAME DIRECTION,STRAIGHT & LEVEL,DAYLIGHT,After,2023
32353321,HARDIN,US0031W,,DIXIE,AVE,37.7283435,-85.88402564,19.475,9/8/2023 0:00,2127,2,2,0,0,CLEAR,DRY,0,SIDESWIPE-SAME DIRECTION,SIDESWIPE-SAME DIRECTION,STRAIGHT & LEVEL,DARK-HWY LIGHTED/ON,After,2023
32180926,HARDIN,US0031W,,DIXIE,AVE,37.72011107,-85.87998697,18.88,9/5/2023 0:00,1322,2,2,0,0,CLEAR,DRY,0,1 VEHICLE ENTERING/LEAVING ENTRANCE,ANGLE,STRAIGHT & LEVEL,DAYLIGHT,After,2023
32126491,HARDIN,US0031W,,DIXIE,AVE,37.72819175,-85.8839437,19.47,8/24/2023 0:00,1200,2,2,0,0,CLEAR,DRY,0,OTHER ROADWAY OR MID-BLOCK COLLISION,REAR END,STRAIGHT & LEVEL,DAYLIGHT,After,2023
31889564,HARDIN,US0031W,,DIXIE,AVE,37.7260123,-85.88289261,19.312,6/30/2023 0:00,1423,2,2,0,0,CLOUDY,DRY,0,OTHER ROADWAY OR MID-BLOCK COLLISION,REAR END,STRAIGHT & LEVEL,DAYLIGHT,After,2023
32181571,HARDIN,US0031W,,DIXIE,AVE,37.72829375,-85.88401025,19.477,6/21/2023 0:00,813,2,2,0,0,CLOUDY,DRY,0,ANGLE COLLISION - ONE VEHICLE TURNING LEFT,ANGLE,STRAIGHT & LEVEL,DAYLIGHT,After,2023
31743974,HARDIN,US0031W,,DIXIE,AVE,37.72824521,-85.88397395,19.474,6/8/2023 0:00,1418,2,2,0,0,CLEAR,DRY,0,ANGLE COLLISION - OTHER,ANGLE,STRAIGHT & LEVEL,DAYLIGHT,After,2023
31789288,HARDIN,US0031W,,DIXIE,AVE,37.71939732,-85.87987064,18.834,5/29/2023 0:00,1035,2,2,0,0,CLEAR,DRY,0,OTHER INTERSECTION COLLISIONS,REAR END,STRAIGHT & LEVEL,DAYLIGHT,After,2023
31789283,HARDIN,US0031W,,DIXIE,AVE,37.72345525,-85.88186352,19.129,5/27/2023 0:00,1140,2,2,0,0,CLEAR,DRY,0,OTHER ROADWAY OR MID-BLOCK COLLISION,REAR END,STRAIGHT & LEVEL,DAYLIGHT,After,2023
31781539,HARDIN,US0031W,,DIXIE,AVE,37.72829083,-85.88400288,19.478,5/16/2023 0:00,223,2,2,0,0,RAINING,WET,0,OTHER INTERSECTION COLLISIONS,REAR END,STRAIGHT & LEVEL,DAYLIGHT,After,2023
31789339,HARDIN,US0031W,,DIXIE,AVE,37.72436698,-85.88207377,19.191,5/2/2023 0:00,1550,1,1,0,0,CLEAR,DRY,0,COLLISION WITH FIXED OBJECT NON - INTERSECTION - FIRST EVENT COLLISION 09 - 32 EXCLUDING 16,SINGLE VEHICLE,STRAIGHT & LEVEL,DAYLIGHT,After,2023
31566353,HARDIN,US0031W,,DIXIE,AVE,37.72828938,-85.88398787,19.477,4/30/2023 0:00,1918,2,2,0,1,CLOUDY,DRY,0,ANGLE COLLISION - OTHER,ANGLE,STRAIGHT & LEVEL,DAYLIGHT,After,2023
31541797,HARDIN,US0031W,,DIXIE,AVE,37.72699056,-85.88335687,19.383,4/18/2023 0:00,1659,2,2,0,0,CLEAR,DRY,0,REAR END IN TRAFFIC LANES BOTH VEHICLES MOVING,REAR END,STRAIGHT & LEVEL,DAYLIGHT,After,2023
31566733,HARDIN,US0031W,,DIXIE,AVE,37.71950389,-85.87992313,18.824,4/17/2023 0:00,1037,2,2,0,0,CLEAR,DRY,0,OTHER ROADWAY OR MID-BLOCK COLLISION,REAR END,STRAIGHT & LEVEL,DAYLIGHT,After,2023
31510020,HARDIN,US0031W,,DIXIE,AVE,37.72819142,-85.884181,19.475,4/12/2023 0:00,2238,2,2,0,0,CLEAR,DRY,0,ANGLE COLLISION - OTHER,ANGLE,STRAIGHT & LEVEL,DARK-HWY LIGHTED/ON,After,2023
31486423,HARDIN,US0031W,,DIXIE,AVE,37.72740354,-85.88355012,19.398,4/5/2023 0:00,1552,2,2,0,0,CLEAR,DRY,0,1 VEHICLE ENTERING/LEAVING ENTRANCE,ANGLE,STRAIGHT & LEVEL,DAYLIGHT,After,2023
31486410,HARDIN,US0031W,,DIXIE,AVE,37.72818452,-85.88394352,19.47,4/4/2023 0:00,713,2,2,0,0,CLEAR,DRY,0,OTHER ROADWAY OR MID-BLOCK COLLISION,REAR END,STRAIGHT & GRADE,DAWN,After,2023
31411690,HARDIN,US0031W,,DIXIE,AVE,37.72835894,-85.88407316,19.473,3/8/2023 0:00,2227,2,2,0,0,CLEAR,DRY,0,ANGLE COLLISION - OTHER,ANGLE,STRAIGHT & LEVEL,DARK-HWY LIGHTED/ON,After,2023
31317809,HARDIN,US0031W,,DIXIE,AVE,37.7282343,-85.88396959,19.474,3/4/2023 0:00,1111,2,2,0,1,CLEAR,DRY,0,OTHER ROADWAY OR MID-BLOCK COLLISION,REAR END,STRAIGHT & LEVEL,DAYLIGHT,After,2023
31296706,HARDIN,US0031W,,DIXIE,AVE,37.72604845,-85.883162,19.318,2/27/2023 0:00,955,2,2,0,0,RAINING,WET,0,REAR END IN TRAFFIC LANES BOTH VEHICLES MOVING,REAR END,STRAIGHT & LEVEL,DAYLIGHT,After,2023
31294313,HARDIN,US0031W,,DIXIE,AVE,37.72831025,-85.88397806,19.477,2/26/2023 0:00,2145,2,2,0,1,CLEAR,DRY,0,OTHER ROADWAY OR MID-BLOCK COLLISION,REAR END,STRAIGHT & LEVEL,DARK-HWY LIGHTED/ON,After,2023
31472908,HARDIN,US0031W,,DIXIE,AVE,37.72844686,-85.8836414,19.462,2/23/2023 0:00,1907,2,2,0,0,CLEAR,DRY,0,OTHER INTERSECTION COLLISIONS,REAR END,STRAIGHT & LEVEL,DARK-HWY LIGHTED/ON,After,2023
31253055,HARDIN,US0031W,,DIXIE,AVE,37.72828645,-85.88399919,19.477,2/17/2023 0:00,2048,2,2,0,1,CLEAR,DRY,0,OPPOSING LEFT TURN,OPPOSING LEFT TURN,STRAIGHT & LEVEL,DARK-HWY LIGHTED/ON,After,2023
31317708,HARDIN,US0031W,,DIXIE,AVE,37.72229083,-85.88124094,19.043,2/15/2023 0:00,905,2,2,0,0,CLEAR,DRY,0,1 VEHICLE ENTERING/LEAVING ENTRANCE,ANGLE,STRAIGHT & LEVEL,DAYLIGHT,After,2023
31317748,HARDIN,US0031W,,DIXIE,AVE,37.71982234,-85.88005731,18.856,2/7/2023 0:00,1701,2,2,0,0,,,1,OTHER INTERSECTION COLLISIONS,REAR END,STRAIGHT & LEVEL,,After,2023
31223344,HARDIN,US0031W,,DIXIE,AVE,37.72826796,-85.88416332,19.471,2/7/2023 0:00,851,2,2,0,0,CLEAR,DRY,0,OTHER INTERSECTION COLLISIONS,REAR END,STRAIGHT & LEVEL,DAYLIGHT,After,2023
31124479,HARDIN,US0031W,,DIXIE,AVE,37.72836014,-85.88398424,19.474,1/15/2023 0:00,1546,2,2,0,0,CLEAR,DRY,0,OTHER INTERSECTION COLLISIONS,REAR END,STRAIGHT & LEVEL,DAYLIGHT,After,2023
31014079,HARDIN,US0031W,,DIXIE,AVE,37.72829485,-85.88400087,19.478,1/2/2023 0:00,1903,2,2,0,0,CLEAR,WET,1,ANGLE COLLISION - OTHER,ANGLE,STRAIGHT & LEVEL,DARK-HWY LIGHTED/ON,After,2023
30954645,HARDIN,US0031W,,DIXIE,AVE,37.72419511,-85.88226268,19.184,12/15/2022 0:00,1721,2,2,0,0,RAINING,WET,0,SIDESWIPE COLLISION - SAME DIRECTION,SIDESWIPE-SAME DIRECTION,STRAIGHT & LEVEL,DAYLIGHT,After,2022
31124461,HARDIN,US0031W,,DIXIE,AVE,37.72829458,-85.88422518,19.468,12/13/2022 0:00,1914,2,2,0,0,CLEAR,DRY,0,SIDESWIPE-SAME DIRECTION,SIDESWIPE-SAME DIRECTION,STRAIGHT & LEVEL,DARK-HWY LIGHTED/ON,After,2022
30910470,HARDIN,US0031W,,DIXIE,AVE,37.72820116,-85.88404802,19.471,12/2/2022 0:00,1905,2,2,0,0,RAINING,WET,1,SIDESWIPE-SAME DIRECTION,SIDESWIPE-SAME DIRECTION,STRAIGHT & LEVEL,DARK-HWY LIGHTED/ON,After,2022
30708809,HARDIN,US0031W,,DIXIE,AVE,37.72837133,-85.88402637,19.473,10/11/2022 0:00,1616,2,2,0,0,CLOUDY,DRY,0,SIDESWIPE-SAME DIRECTION,SIDESWIPE-SAME DIRECTION,STRAIGHT & LEVEL,DAYLIGHT,After,2022
30708796,HARDIN,US0031W,,DIXIE,AVE,37.72795984,-85.88380049,19.453,10/10/2022 0:00,1132,2,2,0,0,CLEAR,DRY,0,SIDESWIPE-SAME DIRECTION,SIDESWIPE-SAME DIRECTION,STRAIGHT & LEVEL,DAYLIGHT,After,2022
30601491,HARDIN,US0031W,,DIXIE,AVE,37.7234319,-85.88159546,19.12,9/17/2022 0:00,2048,2,2,0,0,CLEAR,DRY,0,ANGLE COLLISION - ONE VEHICLE TURNING RIGHT,ANGLE,STRAIGHT & LEVEL,DARK-HWY LIGHTED/ON,After,2022
30728063,HARDIN,US0031W,,DIXIE,AVE,37.72002943,-85.88018422,18.877,9/16/2022 0:00,1340,2,2,0,0,CLEAR,DRY,0,OTHER ROADWAY OR MID-BLOCK COLLISION,REAR END,STRAIGHT & LEVEL,DAYLIGHT,After,2022
30411426,HARDIN,US0031W,,DIXIE,AVE,37.71792487,-85.87895514,18.725,8/6/2022 0:00,1332,2,2,0,0,CLEAR,DRY,0,ANGLE COLLISION - OTHER,ANGLE,STRAIGHT & LEVEL,DAYLIGHT,Before,2022
30612855,HARDIN,US0031W,,DIXIE,AVE,37.70804913,-85.87338022,17.963,8/5/2022 0:00,1116,2,2,0,0,RAINING,WET,0,1 VEHICLE ENTERING/LEAVING ENTRANCE,ANGLE,STRAIGHT & LEVEL,DAYLIGHT,Before,2022
30476473,HARDIN,US0031W,,DIXIE,AVE,37.71934405,-85.87957362,18.817,8/2/2022 0:00,737,2,2,0,0,CLEAR,DRY,0,OTHER INTERSECTION COLLISIONS,REAR END,STRAIGHT & LEVEL,DAYLIGHT,Before,2022
30476448,HARDIN,US0031W,,DIXIE,AVE,37.71593734,-85.87784462,18.57,7/8/2022 0:00,1258,2,2,0,0,CLOUDY,DRY,1,SIDESWIPE COLLISION - SAME DIRECTION,SIDESWIPE-SAME DIRECTION,STRAIGHT & LEVEL,DAYLIGHT,Before,2022
30279085,HARDIN,US0031W,,DIXIE,AVE,37.71787993,-85.87911397,18.721,7/6/2022 0:00,1116,2,2,0,1,CLEAR,DRY,0,ANGLE COLLISION - OTHER,ANGLE,STRAIGHT & LEVEL,DAYLIGHT,Before,2022
30612810,HARDIN,US0031W,,DIXIE,AVE,37.71254655,-85.87647554,18.322,7/6/2022 0:00,35,1,1,0,0,CLEAR,DRY,0,COLLISION WITH NON-FIXED OBJECT ,SINGLE VEHICLE,STRAIGHT & LEVEL,DARK-HWY LIGHTED/ON,Before,2022
30612807,HARDIN,US0031W,,DIXIE,AVE,37.71277737,-85.87650938,18.334,7/5/2022 0:00,938,2,2,0,0,CLEAR,DRY,0,ANGLE COLLISION - OTHER,ANGLE,STRAIGHT & LEVEL,DAYLIGHT,Before,2022
30279073,HARDIN,US0031W,,DIXIE,AVE,37.71354322,-85.87696559,18.396,7/2/2022 0:00,2134,2,2,0,1,CLEAR,DRY,0,ANGLE COLLISION - OTHER,ANGLE,STRAIGHT & LEVEL,DARK-HWY LIGHTED/ON,Before,2022
30273519,HARDIN,US0031W,,DIXIE,AVE,37.71848051,-85.87916271,18.759,7/1/2022 0:00,907,2,2,0,1,CLEAR,DRY,0,REAR END IN TRAFFIC LANES BOTH VEHICLES MOVING,REAR END,STRAIGHT & LEVEL,DAYLIGHT,Before,2022
30279079,HARDIN,US0031W,,DIXIE,AVE,37.71647595,-85.87812085,18.61,6/29/2022 0:00,1106,2,2,0,0,CLEAR,DRY,0,SIDESWIPE COLLISION - SAME DIRECTION,SIDESWIPE-SAME DIRECTION,STRAIGHT & LEVEL,DAYLIGHT,Before,2022
30279058,HARDIN,US0031W,,DIXIE,AVE,37.71794898,-85.87886359,18.721,6/29/2022 0:00,1342,2,2,0,0,CLEAR,DRY,0,ANGLE COLLISION - OTHER,ANGLE,STRAIGHT & LEVEL,DAYLIGHT,Before,2022
30375903,HARDIN,US0031W,,DIXIE,AVE,37.71031041,-85.8750068,18.149,6/27/2022 0:00,931,2,1,0,1,CLEAR,DRY,0,1 VEHICLE ENTERING/LEAVING ENTRANCE,ANGLE,STRAIGHT & LEVEL,DAYLIGHT,Before,2022
30279038,HARDIN,US0031W,,DIXIE,AVE,37.71673626,-85.87827433,18.63,6/21/2022 0:00,1514,2,2,0,0,CLEAR,DRY,0,1 VEHICLE ENTERING/LEAVING ENTRANCE,ANGLE,STRAIGHT & LEVEL,DAYLIGHT,Before,2022
30279027,HARDIN,US0031W,,DIXIE,AVE,37.70516578,-85.87196388,17.739,6/20/2022 0:00,1513,2,2,0,0,CLEAR,DRY,0,REAR END IN TRAFFIC LANES BOTH VEHICLES MOVING,REAR END,STRAIGHT & LEVEL,DAYLIGHT,Before,2022
30223754,HARDIN,US0031W,,DIXIE,AVE,37.7051654,-85.87195558,17.739,6/19/2022 0:00,1755,2,2,0,0,CLEAR,DRY,0,SIDESWIPE COLLISION - SAME DIRECTION,SIDESWIPE-SAME DIRECTION,STRAIGHT & LEVEL,DAYLIGHT,Before,2022
30279017,HARDIN,US0031W,,DIXIE,AVE,37.71022669,-85.87493795,18.142,6/10/2022 0:00,1432,2,2,0,1,RAINING,WET,0,1 VEHICLE ENTERING/LEAVING ENTRANCE,ANGLE,STRAIGHT & LEVEL,DAYLIGHT,Before,2022
30273506,HARDIN,US0031W,,DIXIE,AVE,37.70883359,-85.87429855,18.04,6/3/2022 0:00,1840,1,1,0,2,CLEAR,DRY,0,OTHER ROADWAY OR MID-BLOCK COLLISION,SINGLE VEHICLE,STRAIGHT & LEVEL,DAYLIGHT,Before,2022
33173673,HARDIN,US0031W,,DIXIE,AVE,37.70426222,-85.87122201,17.678,5/31/2022 0:00,1640,2,2,0,0,CLEAR,DRY,0,OTHER INTERSECTION COLLISIONS,REAR END,STRAIGHT & LEVEL,DAYLIGHT,Before,2022
30273466,HARDIN,US0031W,,DIXIE,AVE,37.71088532,-85.87562453,18.198,5/27/2022 0:00,1118,2,2,0,0,CLEAR,DRY,0,1 VEHICLE ENTERING/LEAVING ENTRANCE,ANGLE,STRAIGHT & LEVEL,DAYLIGHT,Before,2022
30163743,HARDIN,US0031W,,DIXIE,AVE,37.70905462,-85.87450166,18.059,5/23/2022 0:00,1024,2,2,0,0,CLOUDY,DRY,0,1 VEHICLE ENTERING/LEAVING ENTRANCE,ANGLE,STRAIGHT & LEVEL,DAYLIGHT,Before,2022
30004564,HARDIN,US0031W,,DIXIE,AVE,37.71783231,-85.87910184,18.733,4/16/2022 0:00,1402,2,2,0,0,CLEAR,DRY,0,SIDESWIPE COLLISION - SAME DIRECTION,SIDESWIPE-SAME DIRECTION,STRAIGHT & LEVEL,DAYLIGHT,Before,2022
29948025,HARDIN,US0031W,,DIXIE,AVE,37.7088268,-85.87400559,18.032,4/10/2022 0:00,1323,2,2,0,0,CLEAR,DRY,0,ANGLE COLLISION - ONE VEHICLE TURNING LEFT,ANGLE,STRAIGHT & LEVEL,DAYLIGHT,Before,2022
30004544,HARDIN,US0031W,,DIXIE,AVE,37.7179179,-85.87888554,18.723,4/7/2022 0:00,1857,2,1,0,1,CLEAR,DRY,0,COLLISION WITH PEDESTRIAN IN INTERSECTION,SINGLE VEHICLE,STRAIGHT & LEVEL,DAYLIGHT,Before,2022
29949943,HARDIN,US0031W,,DIXIE,AVE,37.7186603,-85.87950733,18.782,3/9/2022 0:00,404,2,2,0,0,RAINING,WET,0,SIDESWIPE COLLISION - SAME DIRECTION,SIDESWIPE-SAME DIRECTION,STRAIGHT & LEVEL,DARK-HWY LIGHTED/ON,Before,2022
29786850,HARDIN,US0031W,,DIXIE,AVE,37.71797163,-85.87887419,18.723,3/5/2022 0:00,1329,1,1,0,0,SEVERE CROSSWINDS,DRY,0,OTHER INTERSECTION COLLISIONS,SINGLE VEHICLE,STRAIGHT & LEVEL,DAYLIGHT,Before,2022
29813579,HARDIN,US0031W,,DIXIE,AVE,37.70896463,-85.87438518,18.05,3/3/2022 0:00,1515,2,2,0,0,CLEAR,DRY,1,REAR END IN TRAFFIC LANES BOTH VEHICLES MOVING,REAR END,STRAIGHT & LEVEL,DAYLIGHT,Before,2022
29762695,HARDIN,US0031W,,DIXIE,AVE,37.70874638,-85.87422252,18.033,2/25/2022 0:00,2037,2,2,0,0,CLOUDY,DRY,1,SIDESWIPE-SAME DIRECTION,SIDESWIPE-SAME DIRECTION,STRAIGHT & LEVEL,DARK-HWY LIGHTED/ON,Before,2022
29724227,HARDIN,US0031W,,DIXIE,AVE,37.71903884,-85.8793806,18.797,2/19/2022 0:00,1806,2,2,0,0,CLEAR,DRY,0,REAR END IN TRAFFIC LANES BOTH VEHICLES MOVING,REAR END,STRAIGHT & LEVEL,DAYLIGHT,Before,2022
29805961,HARDIN,US0031W,,DIXIE,AVE,37.70882979,-85.87402981,18.031,2/18/2022 0:00,814,2,2,0,0,CLEAR,DRY,0,ANGLE COLLISION - OTHER,ANGLE,STRAIGHT & LEVEL,DAYLIGHT,Before,2022
29671199,HARDIN,US0031W,,DIXIE,AVE,37.71013575,-85.87519795,18.142,2/7/2022 0:00,1122,2,2,0,0,CLEAR,DRY,0,1 VEHICLE ENTERING/LEAVING ENTRANCE,ANGLE,STRAIGHT & LEVEL,DAYLIGHT,Before,2022
29642458,HARDIN,US0031W,,DIXIE,AVE,37.70993719,-85.87507454,18.127,1/28/2022 0:00,1217,2,2,0,0,CLOUDY,DRY,0,1 VEHICLE ENTERING/LEAVING ENTRANCE,ANGLE,STRAIGHT & LEVEL,DAYLIGHT,Before,2022
29585361,HARDIN,US0031W,,DIXIE,AVE,37.71811552,-85.87894377,18.733,1/13/2022 0:00,1931,2,2,0,0,CLEAR,DRY,0,SIDESWIPE COLLISION - SAME DIRECTION,SIDESWIPE-SAME DIRECTION,STRAIGHT & LEVEL,DARK-HWY LIGHTED/ON,Before,2022
29516544,HARDIN,US0031W,,DIXIE,AVE,37.70433765,-85.87133376,17.685,12/29/2021 0:00,1613,2,2,0,0,CLEAR,DRY,0,OTHER INTERSECTION COLLISIONS,REAR END,STRAIGHT & LEVEL,DAYLIGHT,Before,2021
29525033,HARDIN,US0031W,,DIXIE,AVE,37.70881968,-85.87397954,18.03,12/20/2021 0:00,1030,2,2,0,0,CLEAR,DRY,0,SIDESWIPE COLLISION - SAME DIRECTION,SIDESWIPE-SAME DIRECTION,STRAIGHT & LEVEL,DAYLIGHT,Before,2021
29478828,HARDIN,US0031W,,DIXIE,AVE,37.7130845,-85.87673001,18.362,12/16/2021 0:00,1410,2,2,0,0,CLOUDY,WET,0,REAR END IN TRAFFIC LANES BOTH VEHICLES MOVING,REAR END,STRAIGHT & LEVEL,DAYLIGHT,Before,2021
29389506,HARDIN,US0031W,,DIXIE,AVE,37.71038625,-85.8750648,18.155,12/4/2021 0:00,1027,2,2,0,0,CLEAR,DRY,0,1 VEHICLE ENTERING/LEAVING ENTRANCE,ANGLE,STRAIGHT & LEVEL,DAYLIGHT,Before,2021
29384354,HARDIN,US0031W,,DIXIE,AVE,37.71011546,-85.87520186,18.141,11/30/2021 0:00,1910,2,2,0,0,CLEAR,DRY,0,OTHER ROADWAY OR MID-BLOCK COLLISION,REAR TO REAR,STRAIGHT & LEVEL,DARK-HWY LIGHTED/ON,Before,2021
29348798,HARDIN,US0031W,,DIXIE,AVE,37.71866175,-85.87951761,18.782,11/23/2021 0:00,2251,2,2,0,0,CLEAR,DRY,0,OTHER INTERSECTION COLLISIONS,REAR END,STRAIGHT & LEVEL,DARK-HWY LIGHTED/ON,Before,2021
29333590,HARDIN,US0031W,,DIXIE,AVE,37.71793761,-85.8788589,18.722,11/19/2021 0:00,1618,2,2,0,0,CLEAR,DRY,0,ANGLE COLLISION - ONE VEHICLE TURNING LEFT,ANGLE,STRAIGHT & LEVEL,DAYLIGHT,Before,2021
29176373,HARDIN,US0031W,,DIXIE,AVE,37.71651389,-85.87815083,18.613,10/27/2021 0:00,1607,2,2,0,0,CLEAR,DRY,0,SIDESWIPE COLLISION - SAME DIRECTION,SIDESWIPE-SAME DIRECTION,STRAIGHT & LEVEL,DAYLIGHT,Before,2021
29133654,HARDIN,US0031W,,DIXIE,AVE,37.70427071,-85.87124828,17.679,10/26/2021 0:00,1524,1,1,0,1,CLEAR,DRY,0,OTHER ROADWAY OR MID-BLOCK COLLISION,SINGLE VEHICLE,STRAIGHT & LEVEL,DAYLIGHT,Before,2021
29303586,HARDIN,US0031W,,DIXIE,AVE,37.70912137,-85.87421653,18.058,10/20/2021 0:00,1138,2,2,0,0,CLEAR,DRY,0,1 VEHICLE ENTERING/LEAVING ENTRANCE,ANGLE,STRAIGHT & LEVEL,DAYLIGHT,Before,2021
29133764,HARDIN,US0031W,,DIXIE,AVE,37.70913447,-85.8745206,18.064,10/19/2021 0:00,1626,2,2,0,0,CLEAR,DRY,0,1 VEHICLE ENTERING/LEAVING ENTRANCE,ANGLE,STRAIGHT & LEVEL,DAYLIGHT,Before,2021
29133754,HARDIN,US0031W,,DIXIE,AVE,37.71915493,-85.87976506,18.817,10/15/2021 0:00,1512,2,2,0,0,CLEAR,DRY,0,ANGLE COLLISION - ONE VEHICLE TURNING LEFT,ANGLE,STRAIGHT & LEVEL,DAYLIGHT,Before,2021
28697179,HARDIN,US0031W,,DIXIE,AVE,37.71790751,-85.87911799,18.719,9/23/2021 0:00,1127,2,2,0,1,CLEAR,DRY,0,ANGLE COLLISION - OTHER,ANGLE,STRAIGHT & LEVEL,DAYLIGHT,Before,2021
28697177,HARDIN,US0031W,,DIXIE,AVE,37.71840522,-85.87909507,18.753,9/23/2021 0:00,1129,2,2,0,0,CLEAR,DRY,0,SIDESWIPE COLLISION - SAME DIRECTION,SIDESWIPE-SAME DIRECTION,STRAIGHT & LEVEL,DAYLIGHT,Before,2021
28697170,HARDIN,US0031W,,DIXIE,AVE,37.71552111,-85.8776025,18.538,9/20/2021 0:00,1511,2,2,0,0,CLOUDY,WET,0,OTHER ROADWAY OR MID-BLOCK COLLISION,REAR END,STRAIGHT & LEVEL,DAYLIGHT,Before,2021
28697157,HARDIN,US0031W,,DIXIE,AVE,37.71793595,-85.87891036,18.723,9/20/2021 0:00,1448,2,2,0,0,CLOUDY,WET,0,ANGLE COLLISION - OTHER,ANGLE,STRAIGHT & LEVEL,DAYLIGHT,Before,2021
28644459,HARDIN,US0031W,,DIXIE,AVE,37.71787367,-85.87912201,18.72,9/9/2021 0:00,1359,2,2,0,0,CLEAR,DRY,0,OPPOSING LEFT TURN,OPPOSING LEFT TURN,STRAIGHT & LEVEL,DAYLIGHT,Before,2021
28644422,HARDIN,US0031W,,DIXIE,AVE,37.7179196,-85.8789653,18.726,9/4/2021 0:00,1251,2,2,0,0,CLEAR,DRY,0,ANGLE COLLISION - OTHER,ANGLE,STRAIGHT & LEVEL,DAYLIGHT,Before,2021
28539206,HARDIN,US0031W,,DIXIE,AVE,37.71933493,-85.87955822,18.818,8/16/2021 0:00,1625,2,2,0,0,CLOUDY,DRY,0,ANGLE COLLISION - ONE VEHICLE TURNING LEFT,ANGLE,STRAIGHT & LEVEL,DAYLIGHT,Before,2021
28585039,HARDIN,US0031W,913,DIXIE,AVE,37.70933476,-85.87468896,18.08,8/13/2021 0:00,1840,2,2,0,0,CLEAR,DRY,0,SIDESWIPE COLLISION - SAME DIRECTION,SIDESWIPE-SAME DIRECTION,STRAIGHT & LEVEL,DAYLIGHT,Before,2021
28637048,HARDIN,US0031W,,DIXIE,AVE,37.70424597,-85.87121032,17.677,8/5/2021 0:00,1651,2,2,0,0,CLOUDY,DRY,0,ANGLE COLLISION - OTHER,ANGLE,STRAIGHT & LEVEL,DAYLIGHT,Before,2021
28446816,HARDIN,US0031W,,DIXIE,AVE,37.70424122,-85.87125236,17.679,7/26/2021 0:00,2006,3,3,0,0,CLEAR,DRY,0,ANGLE COLLISION - OTHER,ANGLE,STRAIGHT & LEVEL,DAYLIGHT,Before,2021
28405444,HARDIN,US0031W,,DIXIE,AVE,37.71281147,-85.87662429,18.334,7/23/2021 0:00,1820,2,2,0,0,CLEAR,DRY,1,SIDESWIPE-SAME DIRECTION,SIDESWIPE-SAME DIRECTION,STRAIGHT & LEVEL,DAYLIGHT,Before,2021