IncidentID,County,RdwyNumber,Street,RoadwayName,StreetSfx,Latitude,Longitude,Milepoint,CollisionDate,CollisionTime,UnitsInvolved,MotorVehiclesInvolved,NumberKilled,NumberInjured,Weather,RdwyConditionCode,HitandRun,DirAnalysisCode,MannerofCollision,RdwyCharacter,LightCondition,Before_After_Construction,CollisionYear
28446821,HARDIN,US0031W,,DIXIE,AVE,37.70804827,-85.8737643,17.967,7/20/2021 0:00,834,2,2,0,0,CLEAR,DRY,0,REAR END IN TRAFFIC LANES BOTH VEHICLES MOVING,REAR END,STRAIGHT & LEVEL,DAYLIGHT,Before,2021
28355271,HARDIN,US0031W,,DIXIE,AVE,37.71038222,-85.87531642,18.16,7/8/2021 0:00,1739,2,2,0,0,CLEAR,DRY,0,REAR END IN TRAFFIC LANES BOTH VEHICLES MOVING,REAR END,STRAIGHT & LEVEL,DAYLIGHT,Before,2021
28355262,HARDIN,US0031W,,DIXIE,AVE,37.70882642,-85.87400064,18.032,7/1/2021 0:00,2216,2,1,0,0,CLOUDY,DRY,0,COLLISION WITH PEDESTRIAN IN INTERSECTION,SINGLE VEHICLE,STRAIGHT & LEVEL,DARK-HWY LIGHTED/ON,Before,2021
28380941,HARDIN,US0031W,,DIXIE,AVE,37.70865392,-85.87400321,18.019,6/19/2021 0:00,1411,2,2,0,0,CLOUDY,DRY,0,ANGLE COLLISION - OTHER,ANGLE,STRAIGHT & LEVEL,DAYLIGHT,Before,2021
28301817,HARDIN,US0031W,,DIXIE,AVE,37.70889313,-85.8743175,18.044,5/20/2021 0:00,1810,2,2,0,0,CLEAR,DRY,0,OTHER ROADWAY OR MID-BLOCK COLLISION,REAR END,STRAIGHT & LEVEL,DAYLIGHT,Before,2021
28301971,HARDIN,US0031W,,DIXIE,AVE,37.71317059,-85.87673691,18.368,5/19/2021 0:00,1150,2,2,0,0,CLOUDY,DRY,0,1 VEHICLE ENTERING/LEAVING ENTRANCE,ANGLE,STRAIGHT & LEVEL,DAYLIGHT,Before,2021
28302039,HARDIN,US0031W,,DIXIE,AVE,37.71535063,-85.87756962,18.526,5/12/2021 0:00,1107,2,2,0,0,CLEAR,DRY,0,SIDESWIPE COLLISION - SAME DIRECTION,SIDESWIPE-SAME DIRECTION,STRAIGHT & LEVEL,DAYLIGHT,Before,2021
28301811,HARDIN,US0031W,,DIXIE,AVE,37.7173351,-85.87885497,18.68,5/7/2021 0:00,1848,2,2,0,0,CLOUDY,WET,0,OTHER COLLISIONS ON SHOULDER,ANGLE,STRAIGHT & LEVEL,DAYLIGHT,Before,2021
28301644,HARDIN,US0031W,,DIXIE,AVE,37.70876753,-85.87426013,18.035,4/29/2021 0:00,1047,2,2,0,0,RAINING,WET,0,OTHER ROADWAY OR MID-BLOCK COLLISION,REAR END,STRAIGHT & LEVEL,DAYLIGHT,Before,2021
28301554,HARDIN,US0031W,,DIXIE,AVE,37.71792998,-85.87886556,18.722,4/20/2021 0:00,1957,2,2,0,0,CLEAR,DRY,0,ANGLE COLLISION - OTHER,ANGLE,STRAIGHT & LEVEL,DAYLIGHT,Before,2021
28301551,HARDIN,US0031W,,DIXIE,AVE,37.71935365,-85.87956802,18.817,4/19/2021 0:00,1315,2,2,0,0,CLEAR,DRY,0,ANGLE COLLISION - ONE VEHICLE TURNING LEFT,ANGLE,STRAIGHT & LEVEL,DAYLIGHT,Before,2021
28184334,HARDIN,US0031W,,DIXIE,AVE,37.71271791,-85.8766083,18.335,4/16/2021 0:00,1653,2,2,0,0,CLEAR,DRY,0,ANGLE COLLISION - OTHER,ANGLE,STRAIGHT & LEVEL,DAYLIGHT,Before,2021
28011110,HARDIN,US0031W,,DIXIE,AVE,37.70989338,-85.8745213,18.111,4/10/2021 0:00,1121,1,1,0,0,RAINING,WET,0,OTHER ROADWAY OR MID-BLOCK COLLISION,SINGLE VEHICLE,CURVE & LEVEL,DAYLIGHT,Before,2021
28010641,HARDIN,US0031W,,DIXIE,AVE,37.70874821,-85.87423545,18.033,4/7/2021 0:00,1250,2,2,0,0,CLEAR,DRY,0,ANGLE COLLISION - OTHER,ANGLE,STRAIGHT & LEVEL,DAYLIGHT,Before,2021
28026228,HARDIN,US0031W,,DIXIE,AVE,37.7042444,-85.87120121,17.677,4/2/2021 0:00,1010,2,2,0,0,CLEAR,DRY,0,ANGLE COLLISION - OTHER,ANGLE,STRAIGHT & LEVEL,DAYLIGHT,Before,2021
28026211,HARDIN,US0031W,,DIXIE,AVE,37.71304351,-85.87646786,18.354,3/29/2021 0:00,1708,2,2,0,0,CLEAR,DRY,0,SIDESWIPE COLLISION - SAME DIRECTION,SIDESWIPE-SAME DIRECTION,STRAIGHT & LEVEL,DAYLIGHT,Before,2021
28026302,HARDIN,US0031W,,DIXIE,AVE,37.70891393,-85.87403788,18.026,3/25/2021 0:00,1729,2,2,0,0,CLEAR,DRY,0,OTHER INTERSECTION COLLISIONS,REAR END,STRAIGHT & LEVEL,DAYLIGHT,Before,2021
28026429,HARDIN,US0031W,,DIXIE,AVE,37.71161073,-85.87601204,18.253,3/10/2021 0:00,1640,2,2,0,0,CLEAR,DRY,0,1 VEHICLE ENTERING/LEAVING ENTRANCE,ANGLE,STRAIGHT & LEVEL,DAYLIGHT,Before,2021
28026474,HARDIN,US0031W,,DIXIE,AVE,37.71677221,-85.87864122,18.639,2/22/2021 0:00,1619,2,2,0,0,CLEAR,DRY,0,OTHER ROADWAY OR MID-BLOCK COLLISION,OPPOSING LEFT TURN,STRAIGHT & LEVEL,DAYLIGHT,Before,2021
27879946,HARDIN,US0031W,,DIXIE,AVE,37.71284934,-85.87647168,18.271,2/19/2021 0:00,1432,2,2,0,1,CLEAR,DRY,0,ANGLE COLLISION - OTHER,ANGLE,STRAIGHT & LEVEL,DAYLIGHT,Before,2021
28109194,HARDIN,US0031W,,DIXIE,AVE,37.7042481,-85.87121498,17.678,2/12/2021 0:00,2004,2,2,0,0,CLOUDY,ICE,0,SIDESWIPE-SAME DIRECTION,SIDESWIPE-SAME DIRECTION,STRAIGHT & LEVEL,DARK (UNKNOWN ROADWAY LIGHTING),Before,2021
28184288,HARDIN,US0031W,,DIXIE,AVE,37.710527,-85.87543369,18.172,1/18/2021 0:00,1537,2,2,0,1,CLEAR,DRY,0,1 VEHICLE ENTERING/LEAVING ENTRANCE,ANGLE,STRAIGHT & LEVEL,DAYLIGHT,Before,2021
27685691,HARDIN,US0031W,,DIXIE,AVE,37.70961723,-85.87484798,18.102,1/8/2021 0:00,1638,2,1,0,0,CLOUDY,DRY,0,1 VEHICLE ENTERING/LEAVING ENTRANCE,ANGLE,STRAIGHT & LEVEL,DAYLIGHT,Before,2021
28026507,HARDIN,US0031W,,DIXIE,AVE,37.71819063,-85.8789916,18.738,1/4/2021 0:00,1333,2,2,0,0,CLEAR,DRY,0,REAR END IN TRAFFIC LANES BOTH VEHICLES MOVING,REAR END,STRAIGHT & LEVEL,DAYLIGHT,Before,2021
28184253,HARDIN,US0031W,,DIXIE,AVE,37.7163515,-85.87804855,18.601,12/10/2020 0:00,1613,3,3,0,1,CLEAR,DRY,0,REAR END IN TRAFFIC LANES BOTH VEHICLES MOVING,REAR END,STRAIGHT & LEVEL,DAYLIGHT,Before,2020
28010954,HARDIN,US0031W,,DIXIE,AVE,37.70880171,-85.87408048,18.028,12/2/2020 0:00,815,2,2,0,2,CLEAR,DRY,0,OPPOSING LEFT TURN,OPPOSING LEFT TURN,STRAIGHT & LEVEL,DAYLIGHT,Before,2020
28109103,HARDIN,US0031W,,DIXIE,AVE,37.71280007,-85.87657755,18.329,12/1/2020 0:00,1830,2,2,0,0,CLEAR,DRY,0,SIDESWIPE-SAME DIRECTION,SIDESWIPE-SAME DIRECTION,STRAIGHT & LEVEL,DARK-HWY LIGHTED/ON,Before,2020
27606790,HARDIN,US0031W,,DIXIE,AVE,37.7167478,-85.87830798,18.631,11/25/2020 0:00,1758,3,3,0,0,RAINING,WET,0,REAR END IN TRAFFIC LANES BOTH VEHICLES MOVING,REAR END,STRAIGHT & LEVEL,DARK-HWY LIGHTED/ON,Before,2020
28109083,HARDIN,US0031W,,DIXIE,AVE,37.71931415,-85.87954914,18.816,11/20/2020 0:00,1221,2,2,0,0,CLEAR,DRY,0,REAR END IN TRAFFIC LANES BOTH VEHICLES MOVING,REAR END,STRAIGHT & LEVEL,DAYLIGHT,Before,2020
28184223,HARDIN,US0031W,,DIXIE,AVE,37.70883271,-85.8743074,18.04,11/6/2020 0:00,1746,2,2,0,0,CLEAR,DRY,0,SIDESWIPE COLLISION - SAME DIRECTION,SIDESWIPE-SAME DIRECTION,STRAIGHT & LEVEL,DARK-HWY LIGHTED/ON,Before,2020
28026442,HARDIN,US0031W,,DIXIE,AVE,37.7125694,-85.87644963,18.323,10/31/2020 0:00,1336,4,4,0,2,CLEAR,DRY,0,OTHER ROADWAY OR MID-BLOCK COLLISION,REAR TO REAR,STRAIGHT & LEVEL,DAYLIGHT,Before,2020
27585761,HARDIN,US0031W,,DIXIE,AVE,37.71733774,-85.87852361,18.672,10/13/2020 0:00,1159,3,3,0,1,CLEAR,DRY,0,OTHER ROADWAY OR MID-BLOCK COLLISION,REAR END,STRAIGHT & LEVEL,DAYLIGHT,Before,2020
27606804,HARDIN,US0031W,,DIXIE,AVE,37.71811577,-85.87922765,18.739,10/10/2020 0:00,1543,2,2,0,0,CLEAR,DRY,0,REAR END IN TRAFFIC LANES BOTH VEHICLES MOVING,REAR END,STRAIGHT & LEVEL,DAYLIGHT,Before,2020
27316713,HARDIN,US0031W,,DIXIE,AVE,37.70882025,-85.87401442,18.032,9/27/2020 0:00,1427,2,1,0,3,CLOUDY,DRY,0,OPPOSING LEFT TURN,OPPOSING LEFT TURN,STRAIGHT & LEVEL,DAYLIGHT,Before,2020
27261893,HARDIN,US0031W,,DIXIE,AVE,37.7089433,-85.87436418,18.048,9/25/2020 0:00,1512,2,2,0,0,CLEAR,DRY,1,OTHER ROADWAY OR MID-BLOCK COLLISION,REAR END,STRAIGHT & LEVEL,DAYLIGHT,Before,2020
27996691,HARDIN,US0031W,,DIXIE,AVE,37.70436502,-85.8713127,17.685,9/24/2020 0:00,2046,2,2,0,0,CLEAR,DRY,0,OTHER ROADWAY OR MID-BLOCK COLLISION,REAR END,STRAIGHT & GRADE,DARK-HWY LIGHTED/ON,Before,2020
27219800,HARDIN,US0031W,,DIXIE,AVE,37.70918677,-85.8745552,18.068,9/16/2020 0:00,1838,2,2,0,0,CLEAR,DRY,0,1 VEHICLE ENTERING/LEAVING ENTRANCE,ANGLE,STRAIGHT & LEVEL,DAYLIGHT,Before,2020
27193454,HARDIN,US0031W,,DIXIE,AVE,37.70424448,-85.87120496,17.677,9/5/2020 0:00,1247,2,2,0,2,CLEAR,DRY,0,OPPOSING LEFT TURN,OPPOSING LEFT TURN,STRAIGHT & LEVEL,DAYLIGHT,Before,2020
32127428,HARDIN,US0031W,,DIXIE,AVE,37.71018386,-85.87494221,18.139,9/3/2020 0:00,1407,2,1,0,0,CLOUDY,DRY,0,REAR END IN TRAFFIC LANES BOTH VEHICLES MOVING,REAR END,STRAIGHT & LEVEL,DAYLIGHT,Before,2020
27193475,HARDIN,US0031W,,DIXIE,AVE,37.71553048,-85.87767449,18.54,9/2/2020 0:00,1125,2,2,0,1,CLEAR,DRY,0,1 VEHICLE ENTERING/LEAVING ENTRANCE,ANGLE,STRAIGHT & LEVEL,DAYLIGHT,Before,2020
27180344,HARDIN,US0031W,,DIXIE,AVE,37.7148835,-85.87735848,18.491,9/2/2020 0:00,1443,2,2,0,0,CLOUDY,DRY,0,OTHER ROADWAY OR MID-BLOCK COLLISION,REAR END,STRAIGHT & LEVEL,DAYLIGHT,Before,2020
27097491,HARDIN,US0031W,,DIXIE,AVE,37.71781751,-85.87909319,18.717,8/14/2020 0:00,954,2,2,0,0,CLOUDY,WET,0,ANGLE COLLISION - OTHER,ANGLE,STRAIGHT & LEVEL,DAYLIGHT,Before,2020
27097660,HARDIN,US0031W,,DIXIE,AVE,37.71200903,-85.87620472,18.282,8/7/2020 0:00,957,2,2,0,0,CLEAR,DRY,0,1 VEHICLE ENTERING/LEAVING ENTRANCE,ANGLE,STRAIGHT & LEVEL,DAYLIGHT,Before,2020
26932217,HARDIN,US0031W,,DIXIE,AVE,37.7047456,-85.87166733,17.712,7/12/2020 0:00,1414,2,2,0,0,CLEAR,DRY,0,REAR END IN TRAFFIC LANES BOTH VEHICLES MOVING,REAR END,STRAIGHT & LEVEL,DAYLIGHT,Before,2020
26898422,HARDIN,US0031W,913,DIXIE,AVE,37.70904287,-85.8744191,18.056,6/30/2020 0:00,1909,2,2,0,0,CLEAR,DRY,0,REAR END IN TRAFFIC LANES BOTH VEHICLES MOVING,REAR END,STRAIGHT & LEVEL,DAYLIGHT,Before,2020
26868455,HARDIN,US0031W,,DIXIE,AVE,37.70424484,-85.87119763,17.677,6/26/2020 0:00,923,2,2,0,0,CLEAR,DRY,0,OTHER INTERSECTION COLLISIONS,REAR END,STRAIGHT & LEVEL,DAYLIGHT,Before,2020
26730856,HARDIN,US0031W,,DIXIE,AVE,37.70885936,-85.87435884,18.043,5/13/2020 0:00,1455,2,2,0,0,CLOUDY,WET,0,OTHER ROADWAY OR MID-BLOCK COLLISION,REAR END,STRAIGHT & LEVEL,DAYLIGHT,Before,2020
26730823,HARDIN,US0031W,,DIXIE,AVE,37.7192886,-85.87960927,18.814,4/30/2020 0:00,1817,2,2,0,0,CLOUDY,DRY,0,OPPOSING LEFT TURN,OPPOSING LEFT TURN,STRAIGHT & LEVEL,DAYLIGHT,Before,2020
26628054,HARDIN,US0031W,,DIXIE,AVE,37.70871903,-85.87423183,18.031,4/22/2020 0:00,1123,2,2,0,0,CLEAR,DRY,0,ANGLE COLLISION - OTHER,ANGLE,STRAIGHT & LEVEL,DAYLIGHT,Before,2020
26642062,HARDIN,US0031W,,DIXIE,AVE,37.71674825,-85.87824841,18.63,4/20/2020 0:00,1322,2,2,0,0,CLEAR,DRY,0,OTHER ROADWAY OR MID-BLOCK COLLISION,REAR END,STRAIGHT & LEVEL,DAYLIGHT,Before,2020
26642064,HARDIN,US0031W,,DIXIE,AVE,37.70780712,-85.87321375,17.943,4/20/2020 0:00,931,2,2,0,0,CLEAR,DRY,0,OTHER ROADWAY OR MID-BLOCK COLLISION,OPPOSING LEFT TURN,STRAIGHT & LEVEL,DAYLIGHT,Before,2020
26627903,HARDIN,US0031W,,DIXIE,AVE,37.7043943,-85.87124168,17.687,4/18/2020 0:00,1017,2,2,0,1,CLEAR,DRY,0,SIDESWIPE COLLISION - SAME DIRECTION,SIDESWIPE-SAME DIRECTION,STRAIGHT & LEVEL,DAYLIGHT,Before,2020
26627911,HARDIN,US0031W,,DIXIE,AVE,37.70916505,-85.87444906,18.064,4/16/2020 0:00,1335,2,2,0,0,CLEAR,DRY,1,OTHER ROADWAY OR MID-BLOCK COLLISION,REAR END,STRAIGHT & LEVEL,DAYLIGHT,Before,2020
26627889,HARDIN,US0031W,,DIXIE,AVE,37.71788038,-85.87911521,18.721,4/7/2020 0:00,1645,2,2,0,0,CLEAR,DRY,0,ANGLE COLLISION - OTHER,ANGLE,STRAIGHT & LEVEL,DAYLIGHT,Before,2020
26627893,HARDIN,US0031W,1835,DIXIE,AVE,37.71119665,-85.8755821,18.217,4/5/2020 0:00,928,1,1,0,0,CLEAR,DRY,0,COLLISION WITH FIXED OBJECT NON - INTERSECTION - FIRST EVENT COLLISION 09 - 32 EXCLUDING 16,SINGLE VEHICLE,STRAIGHT & LEVEL,DAYLIGHT,Before,2020
26526421,HARDIN,US0031W,,DIXIE,AVE,37.71072251,-85.87538357,18.183,3/16/2020 0:00,1639,2,2,0,0,CLOUDY,DRY,0,1 VEHICLE ENTERING/LEAVING ENTRANCE,ANGLE,STRAIGHT & LEVEL,DAYLIGHT,Before,2020
26513225,HARDIN,US0031W,,DIXIE,AVE,37.70882585,-85.8740086,18.032,3/11/2020 0:00,2139,2,2,0,2,CLEAR,DRY,0,ANGLE COLLISION - OTHER,ANGLE,STRAIGHT & LEVEL,DARK-HWY LIGHTED/ON,Before,2020
26435504,HARDIN,US0031W,,DIXIE,AVE,37.71499788,-85.8773997,18.5,2/15/2020 0:00,1347,2,2,0,0,CLEAR,DRY,0,OTHER ROADWAY OR MID-BLOCK COLLISION,REAR END,STRAIGHT & LEVEL,DAYLIGHT,Before,2020
26394749,HARDIN,US0031W,,DIXIE,AVE,37.70959808,-85.87484152,18.1,2/14/2020 0:00,1035,2,2,0,1,CLEAR,DRY,0,1 VEHICLE ENTERING/LEAVING ENTRANCE,ANGLE,STRAIGHT & LEVEL,DAYLIGHT,Before,2020
26394750,HARDIN,US0031W,,DIXIE,AVE,37.71005825,-85.87519078,18.137,2/14/2020 0:00,1344,2,2,0,0,CLEAR,DRY,0,1 VEHICLE ENTERING/LEAVING ENTRANCE,ANGLE,STRAIGHT & LEVEL,DAYLIGHT,Before,2020
26331788,HARDIN,US0031W,,DIXIE,AVE,37.70872768,-85.87426091,18.017,2/7/2020 0:00,2149,2,2,0,0,CLEAR,DRY,0,OTHER INTERSECTION COLLISIONS,REAR END,STRAIGHT & LEVEL,DARK-HWY LIGHTED/ON,Before,2020
26394742,HARDIN,US0031W,,DIXIE,AVE,37.71855718,-85.87934335,18.77,2/3/2020 0:00,955,3,3,0,0,CLOUDY,DRY,0,OTHER ROADWAY OR MID-BLOCK COLLISION,REAR END,STRAIGHT & LEVEL,DAYLIGHT,Before,2020
26331698,HARDIN,US0031W,,DIXIE,AVE,37.70823182,-85.87362947,17.982,1/29/2020 0:00,1242,2,2,0,0,CLOUDY,DRY,0,SIDESWIPE COLLISION - SAME DIRECTION,SIDESWIPE-SAME DIRECTION,STRAIGHT & LEVEL,DAYLIGHT,Before,2020
26216248,HARDIN,US0031W,,DIXIE,AVE,37.70910468,-85.87420707,18.054,1/6/2020 0:00,1218,2,2,0,0,CLEAR,DRY,0,SIDESWIPE COLLISION - SAME DIRECTION,SIDESWIPE-SAME DIRECTION,STRAIGHT & LEVEL,DAYLIGHT,Before,2020
26216207,HARDIN,US0031W,,DIXIE,AVE,37.71259244,-85.8764922,18.326,1/2/2020 0:00,952,2,2,0,0,CLOUDY,DRY,0,OTHER ROADWAY OR MID-BLOCK COLLISION,REAR END,STRAIGHT & LEVEL,DAYLIGHT,Before,2020
26216340,HARDIN,US0031W,,DIXIE,AVE,37.70875491,-85.87424138,18.034,1/2/2020 0:00,1533,2,2,0,0,RAINING,WET,0,OTHER INTERSECTION COLLISIONS,REAR END,STRAIGHT & LEVEL,DAYLIGHT,Before,2020
26216310,HARDIN,US0031W,,DIXIE,AVE,37.71331717,-85.87655648,18.373,12/29/2019 0:00,1536,2,2,0,1,RAINING,WET,0,1 VEHICLE ENTERING/LEAVING ENTRANCE,ANGLE,STRAIGHT & LEVEL,DAYLIGHT,Before,2019
26154481,HARDIN,US0031W,,DIXIE,AVE,37.7091954,-85.87453072,18.068,12/23/2019 0:00,1353,2,2,0,0,CLEAR,DRY,0,1 VEHICLE ENTERING/LEAVING ENTRANCE,ANGLE,STRAIGHT & LEVEL,DAYLIGHT,Before,2019
26095923,HARDIN,US0031W,,DIXIE,AVE,37.71672076,-85.87855269,18.634,12/23/2019 0:00,1419,2,2,0,0,CLEAR,DRY,0,SIDESWIPE COLLISION - SAME DIRECTION,SIDESWIPE-SAME DIRECTION,STRAIGHT & LEVEL,DAYLIGHT,Before,2019
26216266,HARDIN,US0031W,,DIXIE,AVE,37.71794811,-85.87886972,18.721,12/22/2019 0:00,1914,2,2,0,0,CLEAR,DRY,0,ANGLE COLLISION - OTHER,ANGLE,STRAIGHT & LEVEL,DARK-HWY LIGHTED/ON,Before,2019
26100652,HARDIN,US0031W,,DIXIE,AVE,37.71251749,-85.87644954,18.32,12/19/2019 0:00,1847,2,2,0,0,CLEAR,DRY,0,REAR END IN TRAFFIC LANES BOTH VEHICLES MOVING,REAR END,STRAIGHT & LEVEL,DARK-HWY LIGHTED/ON,Before,2019
26100767,HARDIN,US0031W,,DIXIE,AVE,37.71780179,-85.87877515,18.73,12/13/2019 0:00,1728,2,2,0,0,RAINING,WET,0,SIDESWIPE COLLISION - SAME DIRECTION,SIDESWIPE-SAME DIRECTION,STRAIGHT & LEVEL,DARK-HWY LIGHTED/ON,Before,2019
26098042,HARDIN,US0031W,,DIXIE,AVE,37.70897356,-85.87439646,18.051,12/13/2019 0:00,1436,2,2,0,0,RAINING,WET,0,1 VEHICLE ENTERING/LEAVING ENTRANCE,ANGLE,STRAIGHT & LEVEL,DAYLIGHT,Before,2019
26100752,HARDIN,US0031W,,DIXIE,AVE,37.70911402,-85.87449176,18.062,12/11/2019 0:00,1137,2,2,0,0,CLEAR,DRY,0,OTHER ROADWAY OR MID-BLOCK COLLISION,REAR END,STRAIGHT & LEVEL,DAYLIGHT,Before,2019
26100617,HARDIN,US0031W,,DIXIE,AVE,37.71794751,-85.87886727,18.721,12/7/2019 0:00,1938,2,2,0,0,CLEAR,DRY,0,ANGLE COLLISION - OTHER,ANGLE,STRAIGHT & LEVEL,DARK-HWY LIGHTED/ON,Before,2019
26100730,HARDIN,US0031W,,DIXIE,AVE,37.70911747,-85.87456649,18.064,12/6/2019 0:00,1850,2,2,0,0,CLEAR,DRY,0,1 VEHICLE ENTERING/LEAVING ENTRANCE,ANGLE,STRAIGHT & LEVEL,DARK-HWY LIGHTED/ON,Before,2019
26098032,HARDIN,US0031W,,DIXIE,AVE,37.70882661,-85.8740138,18.032,12/6/2019 0:00,1208,2,2,0,0,CLOUDY,WET,0,ANGLE COLLISION - ONE VEHICLE TURNING LEFT,ANGLE,STRAIGHT & LEVEL,DAYLIGHT,Before,2019
26016847,HARDIN,US0031W,,DIXIE,AVE,37.70466456,-85.87151842,17.71,11/26/2019 0:00,954,2,2,0,0,CLEAR,DRY,0,REAR END IN TRAFFIC LANES BOTH VEHICLES MOVING,REAR END,STRAIGHT & LEVEL,DAYLIGHT,Before,2019
26016844,HARDIN,US0031W,,DIXIE,AVE,37.7118156,-85.87585589,18.263,11/26/2019 0:00,1839,2,2,0,0,RAINING,WET,0,1 VEHICLE ENTERING/LEAVING ENTRANCE,ANGLE,STRAIGHT & LEVEL,DARK-HWY LIGHTED/ON,Before,2019
26016893,HARDIN,US0031W,,DIXIE,AVE,37.70876811,-85.87428257,18.036,11/23/2019 0:00,1831,2,2,0,0,RAINING,WET,1,REAR END IN TRAFFIC LANES BOTH VEHICLES MOVING,REAR END,STRAIGHT & LEVEL,DARK-HWY LIGHTED/ON,Before,2019
26016789,HARDIN,US0031W,,DIXIE,AVE,37.70437592,-85.8714056,17.689,11/15/2019 0:00,1837,2,2,0,0,CLEAR,DRY,0,REAR END IN TRAFFIC LANES BOTH VEHICLES MOVING,REAR END,STRAIGHT & LEVEL,DARK-HWY LIGHTED/ON,Before,2019
25993323,HARDIN,US0031W,,DIXIE,AVE,37.71276302,-85.87662421,18.273,11/11/2019 0:00,2342,2,2,0,0,SNOWING,SNOW/SLUSH,0,ANGLE COLLISION - OTHER,ANGLE,STRAIGHT & GRADE,DARK-HWY LIGHTED/ON,Before,2019
25967328,HARDIN,US0031W,,DIXIE,AVE,37.70807047,-85.87378431,17.969,11/8/2019 0:00,1206,3,3,0,0,CLEAR,DRY,0,REAR END IN TRAFFIC LANES BOTH VEHICLES MOVING,REAR END,STRAIGHT & LEVEL,DAYLIGHT,Before,2019
25967370,HARDIN,US0031W,,DIXIE,AVE,37.70423932,-85.87119989,17.677,11/7/2019 0:00,1623,2,2,0,0,CLOUDY,WET,0,1 VEHICLE ENTERING/LEAVING ENTRANCE,ANGLE,STRAIGHT & LEVEL,DAYLIGHT,Before,2019
25967217,HARDIN,US0031W,,DIXIE,AVE,37.70785385,-85.87360632,17.947,11/6/2019 0:00,1719,2,2,0,0,RAINING,WET,0,REAR END IN TRAFFIC LANES BOTH VEHICLES MOVING,REAR END,STRAIGHT & LEVEL,DAYLIGHT,Before,2019
25967119,HARDIN,US0031W,,DIXIE,AVE,37.70424483,-85.87120704,17.677,11/5/2019 0:00,2102,2,2,0,0,CLEAR,DRY,0,ANGLE COLLISION - ONE VEHICLE TURNING LEFT,ANGLE,STRAIGHT & LEVEL,DARK-HWY LIGHTED/ON,Before,2019
25993277,HARDIN,US0031W,,DIXIE,AVE,37.71526936,-85.87753447,18.52,11/4/2019 0:00,1342,2,2,0,0,CLEAR,DRY,0,SIDESWIPE COLLISION - SAME DIRECTION,SIDESWIPE-SAME DIRECTION,STRAIGHT & LEVEL,DAYLIGHT,Before,2019
25925848,HARDIN,US0031W,,DIXIE,AVE,37.71271641,-85.87657677,18.335,10/31/2019 0:00,1311,2,1,0,0,CLEAR,DRY,0,OPPOSING LEFT TURN,OPPOSING LEFT TURN,STRAIGHT & LEVEL,DAYLIGHT,Before,2019
25967296,HARDIN,US0031W,,DIXIE,AVE,37.71879703,-85.87921405,18.779,10/25/2019 0:00,2005,3,3,0,1,CLOUDY,WET,0,ANGLE COLLISION - OTHER,ANGLE,CURVE & LEVEL,DARK-HWY LIGHTED/ON,Before,2019
26069088,HARDIN,US0031W,,DIXIE,AVE,37.70958587,-85.87489297,18.101,10/24/2019 0:00,635,2,2,0,0,CLEAR,DRY,0,1 VEHICLE ENTERING/LEAVING ENTRANCE,ANGLE,STRAIGHT & LEVEL,DARK-HWY LIGHTED/ON,Before,2019
25993248,HARDIN,US0031W,,DIXIE,AVE,37.70504846,-85.87189232,17.732,10/24/2019 0:00,1259,2,2,0,0,CLEAR,DRY,0,REAR END IN TRAFFIC LANES BOTH VEHICLES MOVING,REAR END,STRAIGHT & LEVEL,DAYLIGHT,Before,2019
25967096,HARDIN,US0031W,,DIXIE,AVE,37.71076251,-85.87553592,18.189,10/22/2019 0:00,1715,2,2,0,0,CLEAR,DRY,0,1 VEHICLE ENTERING/LEAVING ENTRANCE,ANGLE,STRAIGHT & LEVEL,DAYLIGHT,Before,2019
25993245,HARDIN,US0031W,,DIXIE,AVE,37.71026078,-85.87498091,18.145,10/21/2019 0:00,1327,2,2,0,0,CLEAR,DRY,0,1 VEHICLE ENTERING/LEAVING ENTRANCE,ANGLE,STRAIGHT & LEVEL,DAYLIGHT,Before,2019
25850066,HARDIN,US0031W,,DIXIE,AVE,37.71662632,-85.87839917,18.625,10/18/2019 0:00,1604,2,1,0,0,CLEAR,DRY,0,OTHER ROADWAY OR MID-BLOCK COLLISION,REAR END,STRAIGHT & LEVEL,DAYLIGHT,Before,2019
26069043,HARDIN,US0031W,,DIXIE,AVE,37.71073929,-85.87535907,18.184,10/10/2019 0:00,1513,2,2,0,0,CLEAR,DRY,0,1 VEHICLE ENTERING/LEAVING ENTRANCE,ANGLE,STRAIGHT & LEVEL,DAYLIGHT,Before,2019
25747204,HARDIN,US0031W,,DIXIE,AVE,37.707252,-85.87318601,17.889,10/3/2019 0:00,1616,2,2,0,0,CLEAR,DRY,0,ANGLE COLLISION - OTHER,ANGLE,STRAIGHT & GRADE,DAYLIGHT,Before,2019
25687520,HARDIN,US0031W,,DIXIE,AVE,37.70871954,-85.87421288,18.033,9/23/2019 0:00,1538,2,2,0,0,CLEAR,DRY,0,OTHER INTERSECTION COLLISIONS,REAR END,STRAIGHT & LEVEL,DAYLIGHT,Before,2019
25675043,HARDIN,US0031W,,DIXIE,AVE,37.7092193,-85.87458607,18.071,9/13/2019 0:00,1055,2,2,0,1,CLEAR,DRY,0,1 VEHICLE ENTERING/LEAVING ENTRANCE,ANGLE,STRAIGHT & LEVEL,DAYLIGHT,Before,2019